powerplant_id,region_id,distribution_date,energy_supplied,plant_name,capacity,plant_type,operator_id,region_name,area,population,operator_name,contact

76,25,2025-01-25,1062,Ramirez LLC,515,Solar,2,treatment,4393,700514,Karla Williams,746.435.9498

98,5,2025-01-18,6961,Schaefer and Sons,738,Nuclear,15,leader,4787,957156,Thomas Ramsey Jr.,974-935-3350

3,26,2025-02-08,6987,Brown Inc,438,Wind,18,with,154,217686,Alexander Peck,596.919.9974

75,34,2025-01-08,3685,Moody-Jones,860,Nuclear,18,open,1610,182975,Alexander Peck,596.919.9974

91,23,2025-02-08,6581,Washington-Rodriguez,357,Wind,9,almost,7874,156719,Jesus Farmer,001-761-463-3181x90875

51,1,2025-01-23,2499,Rios-Davis,685,Nuclear,8,yourself,6875,283881,Jason Rogers,318.998.1018x29895

99,48,2025-02-04,759,"Rodriguez, Wright and Ewing",540,Wind,13,wall,9732,68927,Amanda Brewer,+1-709-384-6793x40569

18,11,2025-01-25,5646,Hull PLC,377,Solar,13,produce,7733,515402,Amanda Brewer,+1-709-384-6793x40569

47,33,2025-01-14,7924,"Mason, Deleon and Cummings",486,Solar,1,side,6063,947493,Geoffrey Rowe,+1-470-992-8199x713

48,3,2025-01-19,732,Gilbert PLC,491,Wind,18,style,6743,423946,Alexander Peck,596.919.9974

48,2,2025-01-19,3418,Gilbert PLC,491,Wind,18,concern,4778,285671,Alexander Peck,596.919.9974

1,37,2025-01-10,1945,Jones-Alvarez,419,Nuclear,11,girl,7259,155879,Nancy Taylor,456.498.4947

11,47,2025-01-01,1898,Miller-Jones,779,Wind,20,attorney,1928,129170,Lori Stevens,566-636-0830

10,48,2025-01-28,9350,Rice PLC,586,Solar,14,wall,9732,68927,Eric James,631-884-7163x6622

8,49,2025-01-16,3555,"Byrd, Buck and Robinson",739,Wind,14,quite,7036,505364,Eric James,631-884-7163x6622

77,46,2025-01-24,3732,Davis Ltd,715,Solar,13,whom,3784,277709,Amanda Brewer,+1-709-384-6793x40569

87,11,2025-02-05,3307,"Buchanan, Thomas and Kramer",58,Hydro,3,produce,7733,515402,Brittany Fisher,859-631-7851x3001

80,16,2025-02-09,261,Davis-Moran,554,Hydro,7,since,8610,173045,Andrew Molina,260-952-5460x9017

46,39,2025-02-13,9845,Flores-Johnson,448,Solar,20,final,3375,251396,Lori Stevens,566-636-0830

50,40,2025-01-23,3897,Ramirez PLC,321,Hydro,8,about,8969,309357,Jason Rogers,318.998.1018x29895

99,32,2025-01-10,534,"Rodriguez, Wright and Ewing",540,Wind,13,event,5956,322658,Amanda Brewer,+1-709-384-6793x40569

8,13,2025-01-01,9509,"Byrd, Buck and Robinson",739,Wind,14,how,3177,776469,Eric James,631-884-7163x6622

54,24,2025-02-18,2042,Johnson-West,834,Hydro,5,down,9008,265642,Abigail Bass,3279096207

85,2,2025-02-09,4482,Robinson-Brewer,190,Wind,7,concern,4778,285671,Andrew Molina,260-952-5460x9017

81,23,2025-02-01,3361,"Tapia, Thomas and Frey",868,Hydro,4,almost,7874,156719,Susan Kennedy,(304)623-7933

90,41,2025-01-15,9436,"Taylor, Walker and Martinez",96,Solar,6,probably,4696,454566,Sheryl Jenkins,001-292-646-9104x486

93,39,2025-02-04,5493,Phillips-Parks,446,Wind,18,final,3375,251396,Alexander Peck,596.919.9974

91,5,2025-01-07,4151,Washington-Rodriguez,357,Wind,9,leader,4787,957156,Jesus Farmer,001-761-463-3181x90875

4,32,2025-02-18,3432,Herrera PLC,360,Solar,3,event,5956,322658,Brittany Fisher,859-631-7851x3001

58,13,2025-02-15,2006,"Murray, Sanchez and Reynolds",429,Solar,13,how,3177,776469,Amanda Brewer,+1-709-384-6793x40569

13,7,2025-01-09,5101,Davis-Bonilla,880,Solar,18,entire,9471,153649,Alexander Peck,596.919.9974

36,29,2025-02-13,5333,Smith Ltd,183,Wind,12,produce,703,775317,Ana Wade,(251)275-8824x168

50,43,2025-02-13,3336,Ramirez PLC,321,Hydro,8,look,7876,984110,Jason Rogers,318.998.1018x29895

11,14,2025-01-03,7397,Miller-Jones,779,Wind,20,open,2974,951557,Lori Stevens,566-636-0830

19,21,2025-02-15,7904,Monroe-Torres,636,Hydro,5,speak,2076,415796,Abigail Bass,3279096207

35,21,2025-02-08,5067,"Ortiz, Floyd and Roman",843,Solar,15,speak,2076,415796,Thomas Ramsey Jr.,974-935-3350

22,15,2025-02-13,5256,Leonard Ltd,614,Nuclear,8,product,4684,162531,Jason Rogers,318.998.1018x29895

13,34,2025-01-10,8037,Davis-Bonilla,880,Solar,18,open,1610,182975,Alexander Peck,596.919.9974

100,38,2025-02-15,2891,"Romero, Warren and Hunt",528,Solar,11,serious,3957,995225,Nancy Taylor,456.498.4947

71,34,2025-02-16,5948,"Johnson, Terry and Wells",115,Hydro,9,open,1610,182975,Jesus Farmer,001-761-463-3181x90875

33,38,2025-01-13,7084,Bentley Ltd,354,Hydro,9,serious,3957,995225,Jesus Farmer,001-761-463-3181x90875

63,19,2025-02-07,2029,Martinez-Hill,502,Wind,3,onto,7913,928325,Brittany Fisher,859-631-7851x3001

66,19,2025-02-13,994,Hill-Frazier,972,Solar,16,onto,7913,928325,Jaime Schmidt,469.261.3586x0432

3,39,2025-02-02,6649,Brown Inc,438,Wind,18,final,3375,251396,Alexander Peck,596.919.9974

30,13,2025-01-26,612,"Barrett, Turner and Welch",111,Hydro,14,how,3177,776469,Eric James,631-884-7163x6622

67,33,2025-01-18,4878,Rivera Inc,752,Nuclear,19,side,6063,947493,Russell Moore,(267)386-4970x20501

87,36,2025-01-31,566,"Buchanan, Thomas and Kramer",58,Hydro,3,suggest,1365,638048,Brittany Fisher,859-631-7851x3001

17,36,2025-01-25,3796,Yang-Phillips,276,Wind,5,suggest,1365,638048,Abigail Bass,3279096207

63,50,2025-02-06,3564,Martinez-Hill,502,Wind,3,discussion,7517,60763,Brittany Fisher,859-631-7851x3001

65,20,2025-01-03,9412,Martinez-Petersen,675,Hydro,2,general,1092,178557,Karla Williams,746.435.9498

40,45,2025-02-15,1794,Taylor Group,253,Solar,18,your,5983,437390,Alexander Peck,596.919.9974

75,18,2025-01-10,7791,Moody-Jones,860,Nuclear,18,will,1895,371452,Alexander Peck,596.919.9974

12,6,2025-02-01,9009,Dixon Ltd,408,Hydro,12,wall,1707,496580,Ana Wade,(251)275-8824x168

3,48,2025-01-03,2987,Brown Inc,438,Wind,18,wall,9732,68927,Alexander Peck,596.919.9974

34,50,2025-01-25,1992,Roberts Ltd,108,Solar,19,discussion,7517,60763,Russell Moore,(267)386-4970x20501

42,37,2025-02-03,2476,Mccann-Cline,658,Wind,7,girl,7259,155879,Andrew Molina,260-952-5460x9017

9,31,2025-02-08,6845,"Hudson, Powell and Combs",64,Hydro,19,main,371,337108,Russell Moore,(267)386-4970x20501

60,16,2025-01-15,1220,Johnson Ltd,396,Wind,11,since,8610,173045,Nancy Taylor,456.498.4947

89,32,2025-01-09,8114,Bailey-Saunders,659,Solar,7,event,5956,322658,Andrew Molina,260-952-5460x9017

77,18,2025-02-14,4597,Davis Ltd,715,Solar,13,will,1895,371452,Amanda Brewer,+1-709-384-6793x40569

75,2,2025-02-18,8424,Moody-Jones,860,Nuclear,18,concern,4778,285671,Alexander Peck,596.919.9974

66,10,2025-01-08,171,Hill-Frazier,972,Solar,16,example,775,214555,Jaime Schmidt,469.261.3586x0432

82,16,2025-01-17,9099,Hart-Roth,875,Solar,8,since,8610,173045,Jason Rogers,318.998.1018x29895

32,46,2025-01-01,1012,Gallagher-Farrell,404,Wind,18,whom,3784,277709,Alexander Peck,596.919.9974

50,39,2025-02-05,1174,Ramirez PLC,321,Hydro,8,final,3375,251396,Jason Rogers,318.998.1018x29895

83,49,2025-01-16,3016,Lutz Ltd,281,Hydro,8,quite,7036,505364,Jason Rogers,318.998.1018x29895

9,13,2025-01-20,7558,"Hudson, Powell and Combs",64,Hydro,19,how,3177,776469,Russell Moore,(267)386-4970x20501

61,2,2025-01-27,2352,Williams PLC,691,Nuclear,8,concern,4778,285671,Jason Rogers,318.998.1018x29895

20,21,2025-02-03,995,"Larson, Aguilar and Peterson",143,Wind,11,speak,2076,415796,Nancy Taylor,456.498.4947

83,2,2025-01-14,5397,Lutz Ltd,281,Hydro,8,concern,4778,285671,Jason Rogers,318.998.1018x29895

41,43,2025-01-04,3010,Holmes-Martinez,525,Solar,18,look,7876,984110,Alexander Peck,596.919.9974

61,7,2025-02-03,3378,Williams PLC,691,Nuclear,8,entire,9471,153649,Jason Rogers,318.998.1018x29895

65,20,2025-01-16,3062,Martinez-Petersen,675,Hydro,2,general,1092,178557,Karla Williams,746.435.9498

32,42,2025-01-14,8106,Gallagher-Farrell,404,Wind,18,return,4345,15714,Alexander Peck,596.919.9974

29,1,2025-01-22,5466,Martinez-Allen,467,Solar,7,yourself,6875,283881,Andrew Molina,260-952-5460x9017

14,47,2025-02-18,7069,"Hunt, Sanchez and Bradley",388,Nuclear,3,attorney,1928,129170,Brittany Fisher,859-631-7851x3001

7,16,2025-01-03,8018,West-Morrison,600,Nuclear,10,since,8610,173045,Joseph Avery,(675)499-8210x26579

93,37,2025-01-12,6008,Phillips-Parks,446,Wind,18,girl,7259,155879,Alexander Peck,596.919.9974

22,19,2025-02-01,2831,Leonard Ltd,614,Nuclear,8,onto,7913,928325,Jason Rogers,318.998.1018x29895

21,40,2025-02-22,5526,Gomez-Lewis,915,Wind,14,about,8969,309357,Eric James,631-884-7163x6622

50,32,2025-02-03,5112,Ramirez PLC,321,Hydro,8,event,5956,322658,Jason Rogers,318.998.1018x29895

61,9,2025-02-03,2833,Williams PLC,691,Nuclear,8,worker,8069,831675,Jason Rogers,318.998.1018x29895

14,37,2025-01-12,8678,"Hunt, Sanchez and Bradley",388,Nuclear,3,girl,7259,155879,Brittany Fisher,859-631-7851x3001

90,37,2025-01-25,701,"Taylor, Walker and Martinez",96,Solar,6,girl,7259,155879,Sheryl Jenkins,001-292-646-9104x486

32,22,2025-02-01,284,Gallagher-Farrell,404,Wind,18,culture,3438,890453,Alexander Peck,596.919.9974

72,19,2025-01-13,9138,Walton Group,785,Nuclear,11,onto,7913,928325,Nancy Taylor,456.498.4947

23,36,2025-02-21,3228,Young Group,460,Hydro,9,suggest,1365,638048,Jesus Farmer,001-761-463-3181x90875

95,6,2025-01-14,2452,Rollins Group,494,Wind,6,wall,1707,496580,Sheryl Jenkins,001-292-646-9104x486

92,44,2025-01-27,8536,Butler-Acosta,643,Wind,7,training,4710,592423,Andrew Molina,260-952-5460x9017

87,49,2025-02-12,2321,"Buchanan, Thomas and Kramer",58,Hydro,3,quite,7036,505364,Brittany Fisher,859-631-7851x3001

16,34,2025-02-07,7417,Davis Group,158,Solar,7,open,1610,182975,Andrew Molina,260-952-5460x9017

62,46,2025-01-21,1996,Yoder PLC,839,Solar,2,whom,3784,277709,Karla Williams,746.435.9498

48,38,2025-01-08,8518,Gilbert PLC,491,Wind,18,serious,3957,995225,Alexander Peck,596.919.9974

5,47,2025-02-16,3216,"Nguyen, Barber and Carr",865,Nuclear,8,attorney,1928,129170,Jason Rogers,318.998.1018x29895

24,12,2025-01-17,7215,Pierce-Johnson,675,Nuclear,16,draw,7439,732796,Jaime Schmidt,469.261.3586x0432

54,29,2025-02-05,2701,Johnson-West,834,Hydro,5,produce,703,775317,Abigail Bass,3279096207

64,38,2025-01-15,5777,Lucas-Hansen,806,Solar,17,serious,3957,995225,Michael Owens,8093546257

21,27,2025-02-17,8132,Gomez-Lewis,915,Wind,14,million,8462,409281,Eric James,631-884-7163x6622

1,36,2025-02-22,2457,Jones-Alvarez,419,Nuclear,11,suggest,1365,638048,Nancy Taylor,456.498.4947

75,23,2025-01-06,5803,Moody-Jones,860,Nuclear,18,almost,7874,156719,Alexander Peck,596.919.9974

86,22,2025-02-01,1019,Thompson Group,378,Nuclear,1,culture,3438,890453,Geoffrey Rowe,+1-470-992-8199x713

70,40,2025-01-24,2829,"Hayden, Lewis and Lee",917,Wind,5,about,8969,309357,Abigail Bass,3279096207

89,45,2025-01-22,3413,Bailey-Saunders,659,Solar,7,your,5983,437390,Andrew Molina,260-952-5460x9017

55,31,2025-01-27,9914,"Gregory, Coleman and Mcdonald",502,Nuclear,1,main,371,337108,Geoffrey Rowe,+1-470-992-8199x713

19,47,2025-01-18,9652,Monroe-Torres,636,Hydro,5,attorney,1928,129170,Abigail Bass,3279096207

84,20,2025-02-15,2289,Hardin PLC,346,Nuclear,10,general,1092,178557,Joseph Avery,(675)499-8210x26579

69,22,2025-01-19,8014,Brown Inc,416,Solar,18,culture,3438,890453,Alexander Peck,596.919.9974

67,23,2025-02-06,3650,Rivera Inc,752,Nuclear,19,almost,7874,156719,Russell Moore,(267)386-4970x20501

21,47,2025-01-15,7236,Gomez-Lewis,915,Wind,14,attorney,1928,129170,Eric James,631-884-7163x6622

88,49,2025-02-16,3995,Obrien and Sons,657,Wind,7,quite,7036,505364,Andrew Molina,260-952-5460x9017

69,3,2025-01-09,4760,Brown Inc,416,Solar,18,style,6743,423946,Alexander Peck,596.919.9974

68,26,2025-01-10,2592,Serrano LLC,86,Solar,3,with,154,217686,Brittany Fisher,859-631-7851x3001

69,19,2025-01-01,755,Brown Inc,416,Solar,18,onto,7913,928325,Alexander Peck,596.919.9974

22,48,2025-02-06,6099,Leonard Ltd,614,Nuclear,8,wall,9732,68927,Jason Rogers,318.998.1018x29895

75,2,2025-01-25,2696,Moody-Jones,860,Nuclear,18,concern,4778,285671,Alexander Peck,596.919.9974

83,3,2025-02-22,5567,Lutz Ltd,281,Hydro,8,style,6743,423946,Jason Rogers,318.998.1018x29895

66,44,2025-01-22,5661,Hill-Frazier,972,Solar,16,training,4710,592423,Jaime Schmidt,469.261.3586x0432

99,4,2025-01-26,5489,"Rodriguez, Wright and Ewing",540,Wind,13,group,4637,483318,Amanda Brewer,+1-709-384-6793x40569

56,5,2025-01-02,343,Christensen Ltd,714,Solar,1,leader,4787,957156,Geoffrey Rowe,+1-470-992-8199x713

52,14,2025-02-11,6454,"Thomas, Dudley and Green",385,Nuclear,7,open,2974,951557,Andrew Molina,260-952-5460x9017

90,23,2025-02-02,7537,"Taylor, Walker and Martinez",96,Solar,6,almost,7874,156719,Sheryl Jenkins,001-292-646-9104x486

14,19,2025-02-07,6270,"Hunt, Sanchez and Bradley",388,Nuclear,3,onto,7913,928325,Brittany Fisher,859-631-7851x3001

89,19,2025-02-18,4923,Bailey-Saunders,659,Solar,7,onto,7913,928325,Andrew Molina,260-952-5460x9017

76,35,2025-02-14,8576,Ramirez LLC,515,Solar,2,artist,1120,171821,Karla Williams,746.435.9498

95,2,2025-02-17,5835,Rollins Group,494,Wind,6,concern,4778,285671,Sheryl Jenkins,001-292-646-9104x486

52,12,2025-02-04,668,"Thomas, Dudley and Green",385,Nuclear,7,draw,7439,732796,Andrew Molina,260-952-5460x9017

79,44,2025-02-22,2972,"Lynch, Jones and Wilson",626,Solar,18,training,4710,592423,Alexander Peck,596.919.9974

5,4,2025-01-23,4912,"Nguyen, Barber and Carr",865,Nuclear,8,group,4637,483318,Jason Rogers,318.998.1018x29895

89,3,2025-02-20,5624,Bailey-Saunders,659,Solar,7,style,6743,423946,Andrew Molina,260-952-5460x9017

94,21,2025-01-18,2307,Clark and Sons,334,Solar,13,speak,2076,415796,Amanda Brewer,+1-709-384-6793x40569

56,42,2025-01-30,2334,Christensen Ltd,714,Solar,1,return,4345,15714,Geoffrey Rowe,+1-470-992-8199x713

19,6,2025-01-03,4475,Monroe-Torres,636,Hydro,5,wall,1707,496580,Abigail Bass,3279096207

14,18,2025-01-28,9675,"Hunt, Sanchez and Bradley",388,Nuclear,3,will,1895,371452,Brittany Fisher,859-631-7851x3001

49,18,2025-02-17,9493,Huynh-Bishop,912,Hydro,11,will,1895,371452,Nancy Taylor,456.498.4947

61,11,2025-02-12,8925,Williams PLC,691,Nuclear,8,produce,7733,515402,Jason Rogers,318.998.1018x29895

32,37,2025-02-08,5366,Gallagher-Farrell,404,Wind,18,girl,7259,155879,Alexander Peck,596.919.9974

42,4,2025-02-07,7673,Mccann-Cline,658,Wind,7,group,4637,483318,Andrew Molina,260-952-5460x9017

45,32,2025-01-18,1052,"Nunez, Taylor and Neal",59,Solar,7,event,5956,322658,Andrew Molina,260-952-5460x9017

62,42,2025-01-21,4101,Yoder PLC,839,Solar,2,return,4345,15714,Karla Williams,746.435.9498

76,24,2025-01-26,7513,Ramirez LLC,515,Solar,2,down,9008,265642,Karla Williams,746.435.9498

73,36,2025-02-05,1957,"Lewis, Martin and Barber",273,Nuclear,19,suggest,1365,638048,Russell Moore,(267)386-4970x20501

24,12,2025-01-06,1828,Pierce-Johnson,675,Nuclear,16,draw,7439,732796,Jaime Schmidt,469.261.3586x0432

91,9,2025-02-02,1185,Washington-Rodriguez,357,Wind,9,worker,8069,831675,Jesus Farmer,001-761-463-3181x90875

9,27,2025-02-08,5898,"Hudson, Powell and Combs",64,Hydro,19,million,8462,409281,Russell Moore,(267)386-4970x20501

73,46,2025-01-12,957,"Lewis, Martin and Barber",273,Nuclear,19,whom,3784,277709,Russell Moore,(267)386-4970x20501

6,37,2025-01-29,8816,Burns-Clayton,986,Solar,5,girl,7259,155879,Abigail Bass,3279096207

6,32,2025-02-02,2167,Burns-Clayton,986,Solar,5,event,5956,322658,Abigail Bass,3279096207

72,1,2025-01-06,4014,Walton Group,785,Nuclear,11,yourself,6875,283881,Nancy Taylor,456.498.4947

1,6,2025-01-27,2334,Jones-Alvarez,419,Nuclear,11,wall,1707,496580,Nancy Taylor,456.498.4947

66,10,2025-01-13,5820,Hill-Frazier,972,Solar,16,example,775,214555,Jaime Schmidt,469.261.3586x0432

20,10,2025-02-08,4742,"Larson, Aguilar and Peterson",143,Wind,11,example,775,214555,Nancy Taylor,456.498.4947

51,42,2025-01-06,7799,Rios-Davis,685,Nuclear,8,return,4345,15714,Jason Rogers,318.998.1018x29895

41,22,2025-02-04,4037,Holmes-Martinez,525,Solar,18,culture,3438,890453,Alexander Peck,596.919.9974

91,43,2025-02-15,5605,Washington-Rodriguez,357,Wind,9,look,7876,984110,Jesus Farmer,001-761-463-3181x90875

49,14,2025-01-28,5272,Huynh-Bishop,912,Hydro,11,open,2974,951557,Nancy Taylor,456.498.4947

64,3,2025-01-06,6879,Lucas-Hansen,806,Solar,17,style,6743,423946,Michael Owens,8093546257

81,18,2025-01-14,5210,"Tapia, Thomas and Frey",868,Hydro,4,will,1895,371452,Susan Kennedy,(304)623-7933

11,48,2025-01-14,469,Miller-Jones,779,Wind,20,wall,9732,68927,Lori Stevens,566-636-0830

25,43,2025-01-31,6470,Castro Ltd,902,Nuclear,14,look,7876,984110,Eric James,631-884-7163x6622

99,11,2025-02-11,7741,"Rodriguez, Wright and Ewing",540,Wind,13,produce,7733,515402,Amanda Brewer,+1-709-384-6793x40569

31,43,2025-01-25,5740,Jackson-Blair,289,Wind,6,look,7876,984110,Sheryl Jenkins,001-292-646-9104x486

32,39,2025-02-18,165,Gallagher-Farrell,404,Wind,18,final,3375,251396,Alexander Peck,596.919.9974

85,35,2025-02-08,2059,Robinson-Brewer,190,Wind,7,artist,1120,171821,Andrew Molina,260-952-5460x9017

20,7,2025-02-10,5792,"Larson, Aguilar and Peterson",143,Wind,11,entire,9471,153649,Nancy Taylor,456.498.4947

33,50,2025-01-21,4208,Bentley Ltd,354,Hydro,9,discussion,7517,60763,Jesus Farmer,001-761-463-3181x90875

25,28,2025-02-15,2853,Castro Ltd,902,Nuclear,14,sometimes,3855,939660,Eric James,631-884-7163x6622

5,45,2025-02-12,833,"Nguyen, Barber and Carr",865,Nuclear,8,your,5983,437390,Jason Rogers,318.998.1018x29895

75,20,2025-01-31,9841,Moody-Jones,860,Nuclear,18,general,1092,178557,Alexander Peck,596.919.9974

96,36,2025-02-13,9111,"Herring, Fernandez and Johnson",333,Nuclear,14,suggest,1365,638048,Eric James,631-884-7163x6622

69,6,2025-01-18,2378,Brown Inc,416,Solar,18,wall,1707,496580,Alexander Peck,596.919.9974

10,25,2025-01-18,1827,Rice PLC,586,Solar,14,treatment,4393,700514,Eric James,631-884-7163x6622

94,47,2025-01-20,113,Clark and Sons,334,Solar,13,attorney,1928,129170,Amanda Brewer,+1-709-384-6793x40569

49,6,2025-02-21,3587,Huynh-Bishop,912,Hydro,11,wall,1707,496580,Nancy Taylor,456.498.4947

73,29,2025-02-10,9496,"Lewis, Martin and Barber",273,Nuclear,19,produce,703,775317,Russell Moore,(267)386-4970x20501

40,4,2025-01-07,506,Taylor Group,253,Solar,18,group,4637,483318,Alexander Peck,596.919.9974

66,16,2025-01-12,8779,Hill-Frazier,972,Solar,16,since,8610,173045,Jaime Schmidt,469.261.3586x0432

24,3,2025-01-20,8768,Pierce-Johnson,675,Nuclear,16,style,6743,423946,Jaime Schmidt,469.261.3586x0432

33,21,2025-02-17,1512,Bentley Ltd,354,Hydro,9,speak,2076,415796,Jesus Farmer,001-761-463-3181x90875

65,16,2025-01-28,3732,Martinez-Petersen,675,Hydro,2,since,8610,173045,Karla Williams,746.435.9498

77,37,2025-01-19,9081,Davis Ltd,715,Solar,13,girl,7259,155879,Amanda Brewer,+1-709-384-6793x40569

36,19,2025-02-18,2964,Smith Ltd,183,Wind,12,onto,7913,928325,Ana Wade,(251)275-8824x168

75,8,2025-02-09,2214,Moody-Jones,860,Nuclear,18,safe,9741,174598,Alexander Peck,596.919.9974

33,25,2025-02-01,6622,Bentley Ltd,354,Hydro,9,treatment,4393,700514,Jesus Farmer,001-761-463-3181x90875

18,10,2025-02-03,5853,Hull PLC,377,Solar,13,example,775,214555,Amanda Brewer,+1-709-384-6793x40569

29,26,2025-01-05,7293,Martinez-Allen,467,Solar,7,with,154,217686,Andrew Molina,260-952-5460x9017

18,14,2025-02-20,5262,Hull PLC,377,Solar,13,open,2974,951557,Amanda Brewer,+1-709-384-6793x40569

86,45,2025-01-12,4369,Thompson Group,378,Nuclear,1,your,5983,437390,Geoffrey Rowe,+1-470-992-8199x713

97,24,2025-02-09,6239,Smith PLC,155,Nuclear,1,down,9008,265642,Geoffrey Rowe,+1-470-992-8199x713

26,12,2025-02-01,5062,Farmer-Moore,460,Hydro,13,draw,7439,732796,Amanda Brewer,+1-709-384-6793x40569

81,23,2025-01-08,4992,"Tapia, Thomas and Frey",868,Hydro,4,almost,7874,156719,Susan Kennedy,(304)623-7933

3,21,2025-01-06,9687,Brown Inc,438,Wind,18,speak,2076,415796,Alexander Peck,596.919.9974

64,49,2025-01-31,3957,Lucas-Hansen,806,Solar,17,quite,7036,505364,Michael Owens,8093546257

32,28,2025-02-06,8620,Gallagher-Farrell,404,Wind,18,sometimes,3855,939660,Alexander Peck,596.919.9974

27,6,2025-02-21,9084,"Callahan, Fry and Wheeler",421,Hydro,16,wall,1707,496580,Jaime Schmidt,469.261.3586x0432

78,44,2025-01-31,5853,Lopez-Johnson,256,Wind,13,training,4710,592423,Amanda Brewer,+1-709-384-6793x40569

53,4,2025-01-06,4748,"Mills, Robinson and Mendoza",602,Wind,18,group,4637,483318,Alexander Peck,596.919.9974

36,18,2025-01-26,5339,Smith Ltd,183,Wind,12,will,1895,371452,Ana Wade,(251)275-8824x168

64,49,2025-02-11,7767,Lucas-Hansen,806,Solar,17,quite,7036,505364,Michael Owens,8093546257

61,6,2025-01-03,6737,Williams PLC,691,Nuclear,8,wall,1707,496580,Jason Rogers,318.998.1018x29895

69,20,2025-02-05,3467,Brown Inc,416,Solar,18,general,1092,178557,Alexander Peck,596.919.9974

80,18,2025-01-05,7602,Davis-Moran,554,Hydro,7,will,1895,371452,Andrew Molina,260-952-5460x9017

7,36,2025-01-31,2044,West-Morrison,600,Nuclear,10,suggest,1365,638048,Joseph Avery,(675)499-8210x26579

45,45,2025-02-09,6393,"Nunez, Taylor and Neal",59,Solar,7,your,5983,437390,Andrew Molina,260-952-5460x9017

71,31,2025-01-05,2026,"Johnson, Terry and Wells",115,Hydro,9,main,371,337108,Jesus Farmer,001-761-463-3181x90875

76,34,2025-02-07,4608,Ramirez LLC,515,Solar,2,open,1610,182975,Karla Williams,746.435.9498

93,33,2025-02-06,919,Phillips-Parks,446,Wind,18,side,6063,947493,Alexander Peck,596.919.9974

27,44,2025-01-28,2824,"Callahan, Fry and Wheeler",421,Hydro,16,training,4710,592423,Jaime Schmidt,469.261.3586x0432

1,31,2025-01-16,8229,Jones-Alvarez,419,Nuclear,11,main,371,337108,Nancy Taylor,456.498.4947

85,1,2025-01-28,3654,Robinson-Brewer,190,Wind,7,yourself,6875,283881,Andrew Molina,260-952-5460x9017

10,23,2025-01-22,8096,Rice PLC,586,Solar,14,almost,7874,156719,Eric James,631-884-7163x6622

90,23,2025-01-06,5214,"Taylor, Walker and Martinez",96,Solar,6,almost,7874,156719,Sheryl Jenkins,001-292-646-9104x486

6,27,2025-02-19,1385,Burns-Clayton,986,Solar,5,million,8462,409281,Abigail Bass,3279096207

37,12,2025-01-02,9698,"Hardy, Miller and Williams",110,Hydro,6,draw,7439,732796,Sheryl Jenkins,001-292-646-9104x486

17,12,2025-02-18,287,Yang-Phillips,276,Wind,5,draw,7439,732796,Abigail Bass,3279096207

11,41,2025-02-10,1577,Miller-Jones,779,Wind,20,probably,4696,454566,Lori Stevens,566-636-0830

1,23,2025-01-11,475,Jones-Alvarez,419,Nuclear,11,almost,7874,156719,Nancy Taylor,456.498.4947

97,40,2025-01-20,8896,Smith PLC,155,Nuclear,1,about,8969,309357,Geoffrey Rowe,+1-470-992-8199x713

79,36,2025-01-22,8898,"Lynch, Jones and Wilson",626,Solar,18,suggest,1365,638048,Alexander Peck,596.919.9974

62,30,2025-01-20,7386,Yoder PLC,839,Solar,2,must,7022,806990,Karla Williams,746.435.9498

82,50,2025-02-16,2129,Hart-Roth,875,Solar,8,discussion,7517,60763,Jason Rogers,318.998.1018x29895

24,33,2025-01-04,442,Pierce-Johnson,675,Nuclear,16,side,6063,947493,Jaime Schmidt,469.261.3586x0432

96,20,2025-01-05,3487,"Herring, Fernandez and Johnson",333,Nuclear,14,general,1092,178557,Eric James,631-884-7163x6622

9,6,2025-01-29,8425,"Hudson, Powell and Combs",64,Hydro,19,wall,1707,496580,Russell Moore,(267)386-4970x20501

78,32,2025-01-04,8914,Lopez-Johnson,256,Wind,13,event,5956,322658,Amanda Brewer,+1-709-384-6793x40569

91,10,2025-02-04,8615,Washington-Rodriguez,357,Wind,9,example,775,214555,Jesus Farmer,001-761-463-3181x90875

4,12,2025-01-28,3902,Herrera PLC,360,Solar,3,draw,7439,732796,Brittany Fisher,859-631-7851x3001

66,16,2025-02-08,6936,Hill-Frazier,972,Solar,16,since,8610,173045,Jaime Schmidt,469.261.3586x0432

52,26,2025-02-03,1042,"Thomas, Dudley and Green",385,Nuclear,7,with,154,217686,Andrew Molina,260-952-5460x9017

17,33,2025-01-29,560,Yang-Phillips,276,Wind,5,side,6063,947493,Abigail Bass,3279096207

42,25,2025-01-01,6981,Mccann-Cline,658,Wind,7,treatment,4393,700514,Andrew Molina,260-952-5460x9017

54,6,2025-01-12,9435,Johnson-West,834,Hydro,5,wall,1707,496580,Abigail Bass,3279096207

48,32,2025-02-20,3206,Gilbert PLC,491,Wind,18,event,5956,322658,Alexander Peck,596.919.9974

25,6,2025-02-18,1272,Castro Ltd,902,Nuclear,14,wall,1707,496580,Eric James,631-884-7163x6622

7,9,2025-02-05,7881,West-Morrison,600,Nuclear,10,worker,8069,831675,Joseph Avery,(675)499-8210x26579

43,1,2025-01-10,4727,Hayes-Morgan,246,Nuclear,14,yourself,6875,283881,Eric James,631-884-7163x6622

27,18,2025-02-22,4585,"Callahan, Fry and Wheeler",421,Hydro,16,will,1895,371452,Jaime Schmidt,469.261.3586x0432

59,45,2025-01-11,9493,"Mata, Banks and Anderson",540,Nuclear,13,your,5983,437390,Amanda Brewer,+1-709-384-6793x40569

93,5,2025-02-14,4570,Phillips-Parks,446,Wind,18,leader,4787,957156,Alexander Peck,596.919.9974

45,20,2025-01-28,3208,"Nunez, Taylor and Neal",59,Solar,7,general,1092,178557,Andrew Molina,260-952-5460x9017

81,35,2025-02-04,7191,"Tapia, Thomas and Frey",868,Hydro,4,artist,1120,171821,Susan Kennedy,(304)623-7933

71,34,2025-02-09,5284,"Johnson, Terry and Wells",115,Hydro,9,open,1610,182975,Jesus Farmer,001-761-463-3181x90875

37,31,2025-02-12,3532,"Hardy, Miller and Williams",110,Hydro,6,main,371,337108,Sheryl Jenkins,001-292-646-9104x486

37,50,2025-02-10,4379,"Hardy, Miller and Williams",110,Hydro,6,discussion,7517,60763,Sheryl Jenkins,001-292-646-9104x486

10,34,2025-01-04,6563,Rice PLC,586,Solar,14,open,1610,182975,Eric James,631-884-7163x6622

62,39,2025-02-02,6237,Yoder PLC,839,Solar,2,final,3375,251396,Karla Williams,746.435.9498

39,49,2025-01-07,3998,Phillips-Glass,104,Hydro,1,quite,7036,505364,Geoffrey Rowe,+1-470-992-8199x713

57,3,2025-01-01,4273,Goodman LLC,821,Wind,16,style,6743,423946,Jaime Schmidt,469.261.3586x0432

49,14,2025-01-01,7611,Huynh-Bishop,912,Hydro,11,open,2974,951557,Nancy Taylor,456.498.4947

84,26,2025-02-11,9379,Hardin PLC,346,Nuclear,10,with,154,217686,Joseph Avery,(675)499-8210x26579

73,14,2025-01-09,9860,"Lewis, Martin and Barber",273,Nuclear,19,open,2974,951557,Russell Moore,(267)386-4970x20501

79,13,2025-02-09,5090,"Lynch, Jones and Wilson",626,Solar,18,how,3177,776469,Alexander Peck,596.919.9974

71,31,2025-02-20,9804,"Johnson, Terry and Wells",115,Hydro,9,main,371,337108,Jesus Farmer,001-761-463-3181x90875

94,2,2025-01-09,1792,Clark and Sons,334,Solar,13,concern,4778,285671,Amanda Brewer,+1-709-384-6793x40569

26,13,2025-01-31,425,Farmer-Moore,460,Hydro,13,how,3177,776469,Amanda Brewer,+1-709-384-6793x40569

91,2,2025-02-11,5616,Washington-Rodriguez,357,Wind,9,concern,4778,285671,Jesus Farmer,001-761-463-3181x90875

34,11,2025-02-20,8577,Roberts Ltd,108,Solar,19,produce,7733,515402,Russell Moore,(267)386-4970x20501

81,12,2025-01-07,7933,"Tapia, Thomas and Frey",868,Hydro,4,draw,7439,732796,Susan Kennedy,(304)623-7933

71,34,2025-01-10,713,"Johnson, Terry and Wells",115,Hydro,9,open,1610,182975,Jesus Farmer,001-761-463-3181x90875

15,42,2025-01-23,6479,"Martinez, Maldonado and Sosa",872,Nuclear,12,return,4345,15714,Ana Wade,(251)275-8824x168

95,24,2025-01-31,8907,Rollins Group,494,Wind,6,down,9008,265642,Sheryl Jenkins,001-292-646-9104x486

86,41,2025-01-18,6490,Thompson Group,378,Nuclear,1,probably,4696,454566,Geoffrey Rowe,+1-470-992-8199x713

55,29,2025-01-25,597,"Gregory, Coleman and Mcdonald",502,Nuclear,1,produce,703,775317,Geoffrey Rowe,+1-470-992-8199x713

57,14,2025-01-24,277,Goodman LLC,821,Wind,16,open,2974,951557,Jaime Schmidt,469.261.3586x0432

77,11,2025-01-23,9819,Davis Ltd,715,Solar,13,produce,7733,515402,Amanda Brewer,+1-709-384-6793x40569

83,43,2025-01-19,9220,Lutz Ltd,281,Hydro,8,look,7876,984110,Jason Rogers,318.998.1018x29895

100,49,2025-01-10,3517,"Romero, Warren and Hunt",528,Solar,11,quite,7036,505364,Nancy Taylor,456.498.4947

58,33,2025-01-12,863,"Murray, Sanchez and Reynolds",429,Solar,13,side,6063,947493,Amanda Brewer,+1-709-384-6793x40569

81,22,2025-01-13,8037,"Tapia, Thomas and Frey",868,Hydro,4,culture,3438,890453,Susan Kennedy,(304)623-7933

70,5,2025-01-05,5776,"Hayden, Lewis and Lee",917,Wind,5,leader,4787,957156,Abigail Bass,3279096207

11,41,2025-01-26,6429,Miller-Jones,779,Wind,20,probably,4696,454566,Lori Stevens,566-636-0830

82,14,2025-01-28,1078,Hart-Roth,875,Solar,8,open,2974,951557,Jason Rogers,318.998.1018x29895

28,47,2025-01-05,5075,Hall and Sons,969,Wind,11,attorney,1928,129170,Nancy Taylor,456.498.4947

84,7,2025-02-15,2421,Hardin PLC,346,Nuclear,10,entire,9471,153649,Joseph Avery,(675)499-8210x26579

10,42,2025-01-03,7556,Rice PLC,586,Solar,14,return,4345,15714,Eric James,631-884-7163x6622

40,3,2025-01-06,4612,Taylor Group,253,Solar,18,style,6743,423946,Alexander Peck,596.919.9974

41,30,2025-02-16,6537,Holmes-Martinez,525,Solar,18,must,7022,806990,Alexander Peck,596.919.9974

34,24,2025-02-15,7285,Roberts Ltd,108,Solar,19,down,9008,265642,Russell Moore,(267)386-4970x20501

30,17,2025-02-21,6506,"Barrett, Turner and Welch",111,Hydro,14,peace,2784,693090,Eric James,631-884-7163x6622

70,26,2025-01-28,1855,"Hayden, Lewis and Lee",917,Wind,5,with,154,217686,Abigail Bass,3279096207

18,17,2025-02-15,1878,Hull PLC,377,Solar,13,peace,2784,693090,Amanda Brewer,+1-709-384-6793x40569

61,32,2025-01-10,2446,Williams PLC,691,Nuclear,8,event,5956,322658,Jason Rogers,318.998.1018x29895

20,29,2025-01-02,1422,"Larson, Aguilar and Peterson",143,Wind,11,produce,703,775317,Nancy Taylor,456.498.4947

5,23,2025-01-16,812,"Nguyen, Barber and Carr",865,Nuclear,8,almost,7874,156719,Jason Rogers,318.998.1018x29895

47,20,2025-01-22,5407,"Mason, Deleon and Cummings",486,Solar,1,general,1092,178557,Geoffrey Rowe,+1-470-992-8199x713

16,3,2025-02-20,6382,Davis Group,158,Solar,7,style,6743,423946,Andrew Molina,260-952-5460x9017

89,47,2025-01-29,794,Bailey-Saunders,659,Solar,7,attorney,1928,129170,Andrew Molina,260-952-5460x9017

30,37,2025-02-10,8301,"Barrett, Turner and Welch",111,Hydro,14,girl,7259,155879,Eric James,631-884-7163x6622

50,26,2025-01-26,9332,Ramirez PLC,321,Hydro,8,with,154,217686,Jason Rogers,318.998.1018x29895

39,23,2025-02-13,1488,Phillips-Glass,104,Hydro,1,almost,7874,156719,Geoffrey Rowe,+1-470-992-8199x713

92,18,2025-02-03,8517,Butler-Acosta,643,Wind,7,will,1895,371452,Andrew Molina,260-952-5460x9017

81,43,2025-02-16,4606,"Tapia, Thomas and Frey",868,Hydro,4,look,7876,984110,Susan Kennedy,(304)623-7933

67,39,2025-02-16,6230,Rivera Inc,752,Nuclear,19,final,3375,251396,Russell Moore,(267)386-4970x20501

41,30,2025-01-30,1697,Holmes-Martinez,525,Solar,18,must,7022,806990,Alexander Peck,596.919.9974

90,41,2025-01-18,8002,"Taylor, Walker and Martinez",96,Solar,6,probably,4696,454566,Sheryl Jenkins,001-292-646-9104x486

65,42,2025-01-16,8780,Martinez-Petersen,675,Hydro,2,return,4345,15714,Karla Williams,746.435.9498

14,16,2025-02-10,6372,"Hunt, Sanchez and Bradley",388,Nuclear,3,since,8610,173045,Brittany Fisher,859-631-7851x3001

15,47,2025-01-13,5914,"Martinez, Maldonado and Sosa",872,Nuclear,12,attorney,1928,129170,Ana Wade,(251)275-8824x168

96,12,2025-02-09,2529,"Herring, Fernandez and Johnson",333,Nuclear,14,draw,7439,732796,Eric James,631-884-7163x6622

50,2,2025-01-06,4981,Ramirez PLC,321,Hydro,8,concern,4778,285671,Jason Rogers,318.998.1018x29895

72,29,2025-01-04,7563,Walton Group,785,Nuclear,11,produce,703,775317,Nancy Taylor,456.498.4947

25,14,2025-02-22,5639,Castro Ltd,902,Nuclear,14,open,2974,951557,Eric James,631-884-7163x6622

4,23,2025-02-15,3874,Herrera PLC,360,Solar,3,almost,7874,156719,Brittany Fisher,859-631-7851x3001

66,23,2025-02-14,983,Hill-Frazier,972,Solar,16,almost,7874,156719,Jaime Schmidt,469.261.3586x0432

100,50,2025-02-05,8298,"Romero, Warren and Hunt",528,Solar,11,discussion,7517,60763,Nancy Taylor,456.498.4947

11,36,2025-02-02,5514,Miller-Jones,779,Wind,20,suggest,1365,638048,Lori Stevens,566-636-0830

26,50,2025-02-14,2454,Farmer-Moore,460,Hydro,13,discussion,7517,60763,Amanda Brewer,+1-709-384-6793x40569

16,33,2025-01-07,2918,Davis Group,158,Solar,7,side,6063,947493,Andrew Molina,260-952-5460x9017

73,32,2025-01-19,5553,"Lewis, Martin and Barber",273,Nuclear,19,event,5956,322658,Russell Moore,(267)386-4970x20501

89,29,2025-02-13,3520,Bailey-Saunders,659,Solar,7,produce,703,775317,Andrew Molina,260-952-5460x9017

55,44,2025-01-28,2156,"Gregory, Coleman and Mcdonald",502,Nuclear,1,training,4710,592423,Geoffrey Rowe,+1-470-992-8199x713

3,41,2025-01-24,9651,Brown Inc,438,Wind,18,probably,4696,454566,Alexander Peck,596.919.9974

62,23,2025-02-10,4228,Yoder PLC,839,Solar,2,almost,7874,156719,Karla Williams,746.435.9498

87,27,2025-02-22,4657,"Buchanan, Thomas and Kramer",58,Hydro,3,million,8462,409281,Brittany Fisher,859-631-7851x3001

92,8,2025-02-06,5680,Butler-Acosta,643,Wind,7,safe,9741,174598,Andrew Molina,260-952-5460x9017

2,14,2025-01-23,185,"Bailey, Kemp and Mills",500,Hydro,3,open,2974,951557,Brittany Fisher,859-631-7851x3001

60,19,2025-01-13,3441,Johnson Ltd,396,Wind,11,onto,7913,928325,Nancy Taylor,456.498.4947

10,26,2025-01-24,3742,Rice PLC,586,Solar,14,with,154,217686,Eric James,631-884-7163x6622

36,9,2025-01-29,607,Smith Ltd,183,Wind,12,worker,8069,831675,Ana Wade,(251)275-8824x168

59,15,2025-02-03,7155,"Mata, Banks and Anderson",540,Nuclear,13,product,4684,162531,Amanda Brewer,+1-709-384-6793x40569

15,42,2025-02-11,2008,"Martinez, Maldonado and Sosa",872,Nuclear,12,return,4345,15714,Ana Wade,(251)275-8824x168

45,20,2025-01-25,805,"Nunez, Taylor and Neal",59,Solar,7,general,1092,178557,Andrew Molina,260-952-5460x9017

36,21,2025-01-31,7910,Smith Ltd,183,Wind,12,speak,2076,415796,Ana Wade,(251)275-8824x168

96,5,2025-01-13,5195,"Herring, Fernandez and Johnson",333,Nuclear,14,leader,4787,957156,Eric James,631-884-7163x6622

26,7,2025-01-19,2829,Farmer-Moore,460,Hydro,13,entire,9471,153649,Amanda Brewer,+1-709-384-6793x40569

72,8,2025-02-17,2959,Walton Group,785,Nuclear,11,safe,9741,174598,Nancy Taylor,456.498.4947

82,34,2025-01-10,3272,Hart-Roth,875,Solar,8,open,1610,182975,Jason Rogers,318.998.1018x29895

46,38,2025-01-06,8825,Flores-Johnson,448,Solar,20,serious,3957,995225,Lori Stevens,566-636-0830

94,36,2025-02-21,5337,Clark and Sons,334,Solar,13,suggest,1365,638048,Amanda Brewer,+1-709-384-6793x40569

26,39,2025-01-07,2309,Farmer-Moore,460,Hydro,13,final,3375,251396,Amanda Brewer,+1-709-384-6793x40569

58,33,2025-02-06,2179,"Murray, Sanchez and Reynolds",429,Solar,13,side,6063,947493,Amanda Brewer,+1-709-384-6793x40569

2,38,2025-02-12,1799,"Bailey, Kemp and Mills",500,Hydro,3,serious,3957,995225,Brittany Fisher,859-631-7851x3001

45,44,2025-02-13,6093,"Nunez, Taylor and Neal",59,Solar,7,training,4710,592423,Andrew Molina,260-952-5460x9017

94,12,2025-01-06,3061,Clark and Sons,334,Solar,13,draw,7439,732796,Amanda Brewer,+1-709-384-6793x40569

17,28,2025-02-10,5849,Yang-Phillips,276,Wind,5,sometimes,3855,939660,Abigail Bass,3279096207

29,18,2025-02-17,3752,Martinez-Allen,467,Solar,7,will,1895,371452,Andrew Molina,260-952-5460x9017

12,29,2025-01-24,134,Dixon Ltd,408,Hydro,12,produce,703,775317,Ana Wade,(251)275-8824x168

79,5,2025-02-02,2630,"Lynch, Jones and Wilson",626,Solar,18,leader,4787,957156,Alexander Peck,596.919.9974

32,9,2025-01-14,1045,Gallagher-Farrell,404,Wind,18,worker,8069,831675,Alexander Peck,596.919.9974

68,5,2025-01-14,4771,Serrano LLC,86,Solar,3,leader,4787,957156,Brittany Fisher,859-631-7851x3001

11,25,2025-01-19,2473,Miller-Jones,779,Wind,20,treatment,4393,700514,Lori Stevens,566-636-0830

16,8,2025-01-09,6316,Davis Group,158,Solar,7,safe,9741,174598,Andrew Molina,260-952-5460x9017

24,43,2025-01-25,3062,Pierce-Johnson,675,Nuclear,16,look,7876,984110,Jaime Schmidt,469.261.3586x0432

43,36,2025-01-21,5364,Hayes-Morgan,246,Nuclear,14,suggest,1365,638048,Eric James,631-884-7163x6622

47,22,2025-01-29,1700,"Mason, Deleon and Cummings",486,Solar,1,culture,3438,890453,Geoffrey Rowe,+1-470-992-8199x713

30,31,2025-01-16,3004,"Barrett, Turner and Welch",111,Hydro,14,main,371,337108,Eric James,631-884-7163x6622

61,9,2025-01-20,420,Williams PLC,691,Nuclear,8,worker,8069,831675,Jason Rogers,318.998.1018x29895

51,26,2025-01-08,979,Rios-Davis,685,Nuclear,8,with,154,217686,Jason Rogers,318.998.1018x29895

26,23,2025-01-18,5636,Farmer-Moore,460,Hydro,13,almost,7874,156719,Amanda Brewer,+1-709-384-6793x40569

54,28,2025-02-18,5200,Johnson-West,834,Hydro,5,sometimes,3855,939660,Abigail Bass,3279096207

87,13,2025-01-08,9189,"Buchanan, Thomas and Kramer",58,Hydro,3,how,3177,776469,Brittany Fisher,859-631-7851x3001

26,1,2025-02-08,3982,Farmer-Moore,460,Hydro,13,yourself,6875,283881,Amanda Brewer,+1-709-384-6793x40569

50,11,2025-02-18,5610,Ramirez PLC,321,Hydro,8,produce,7733,515402,Jason Rogers,318.998.1018x29895

61,4,2025-01-06,3345,Williams PLC,691,Nuclear,8,group,4637,483318,Jason Rogers,318.998.1018x29895

62,44,2025-01-07,687,Yoder PLC,839,Solar,2,training,4710,592423,Karla Williams,746.435.9498

10,20,2025-01-11,3896,Rice PLC,586,Solar,14,general,1092,178557,Eric James,631-884-7163x6622

51,11,2025-01-22,1575,Rios-Davis,685,Nuclear,8,produce,7733,515402,Jason Rogers,318.998.1018x29895

63,11,2025-02-02,662,Martinez-Hill,502,Wind,3,produce,7733,515402,Brittany Fisher,859-631-7851x3001

9,10,2025-01-14,5625,"Hudson, Powell and Combs",64,Hydro,19,example,775,214555,Russell Moore,(267)386-4970x20501

91,38,2025-01-24,5358,Washington-Rodriguez,357,Wind,9,serious,3957,995225,Jesus Farmer,001-761-463-3181x90875

97,48,2025-01-28,331,Smith PLC,155,Nuclear,1,wall,9732,68927,Geoffrey Rowe,+1-470-992-8199x713

4,37,2025-02-21,2348,Herrera PLC,360,Solar,3,girl,7259,155879,Brittany Fisher,859-631-7851x3001

69,12,2025-02-09,4199,Brown Inc,416,Solar,18,draw,7439,732796,Alexander Peck,596.919.9974

30,47,2025-01-07,4277,"Barrett, Turner and Welch",111,Hydro,14,attorney,1928,129170,Eric James,631-884-7163x6622

84,7,2025-01-11,2007,Hardin PLC,346,Nuclear,10,entire,9471,153649,Joseph Avery,(675)499-8210x26579

90,38,2025-01-06,6694,"Taylor, Walker and Martinez",96,Solar,6,serious,3957,995225,Sheryl Jenkins,001-292-646-9104x486

95,5,2025-01-12,4641,Rollins Group,494,Wind,6,leader,4787,957156,Sheryl Jenkins,001-292-646-9104x486

7,19,2025-01-04,8303,West-Morrison,600,Nuclear,10,onto,7913,928325,Joseph Avery,(675)499-8210x26579

95,24,2025-01-05,3207,Rollins Group,494,Wind,6,down,9008,265642,Sheryl Jenkins,001-292-646-9104x486

72,8,2025-01-19,2251,Walton Group,785,Nuclear,11,safe,9741,174598,Nancy Taylor,456.498.4947

77,9,2025-01-28,1985,Davis Ltd,715,Solar,13,worker,8069,831675,Amanda Brewer,+1-709-384-6793x40569

86,39,2025-01-20,1750,Thompson Group,378,Nuclear,1,final,3375,251396,Geoffrey Rowe,+1-470-992-8199x713

67,16,2025-01-29,9613,Rivera Inc,752,Nuclear,19,since,8610,173045,Russell Moore,(267)386-4970x20501

11,41,2025-01-21,9602,Miller-Jones,779,Wind,20,probably,4696,454566,Lori Stevens,566-636-0830

24,9,2025-01-25,1822,Pierce-Johnson,675,Nuclear,16,worker,8069,831675,Jaime Schmidt,469.261.3586x0432

77,4,2025-01-20,1505,Davis Ltd,715,Solar,13,group,4637,483318,Amanda Brewer,+1-709-384-6793x40569

61,13,2025-01-11,9135,Williams PLC,691,Nuclear,8,how,3177,776469,Jason Rogers,318.998.1018x29895

96,35,2025-02-19,9347,"Herring, Fernandez and Johnson",333,Nuclear,14,artist,1120,171821,Eric James,631-884-7163x6622

59,28,2025-01-23,6095,"Mata, Banks and Anderson",540,Nuclear,13,sometimes,3855,939660,Amanda Brewer,+1-709-384-6793x40569

86,47,2025-02-16,8280,Thompson Group,378,Nuclear,1,attorney,1928,129170,Geoffrey Rowe,+1-470-992-8199x713

57,12,2025-01-09,4935,Goodman LLC,821,Wind,16,draw,7439,732796,Jaime Schmidt,469.261.3586x0432

29,26,2025-02-21,7653,Martinez-Allen,467,Solar,7,with,154,217686,Andrew Molina,260-952-5460x9017

43,7,2025-02-22,3322,Hayes-Morgan,246,Nuclear,14,entire,9471,153649,Eric James,631-884-7163x6622

43,19,2025-01-25,5602,Hayes-Morgan,246,Nuclear,14,onto,7913,928325,Eric James,631-884-7163x6622

17,34,2025-01-01,7490,Yang-Phillips,276,Wind,5,open,1610,182975,Abigail Bass,3279096207

25,40,2025-01-04,3869,Castro Ltd,902,Nuclear,14,about,8969,309357,Eric James,631-884-7163x6622

77,24,2025-01-29,8844,Davis Ltd,715,Solar,13,down,9008,265642,Amanda Brewer,+1-709-384-6793x40569

74,2,2025-01-09,791,Hood-Jones,151,Nuclear,15,concern,4778,285671,Thomas Ramsey Jr.,974-935-3350

42,50,2025-01-27,6928,Mccann-Cline,658,Wind,7,discussion,7517,60763,Andrew Molina,260-952-5460x9017

23,10,2025-01-01,7320,Young Group,460,Hydro,9,example,775,214555,Jesus Farmer,001-761-463-3181x90875

38,13,2025-02-11,1489,Kennedy-Lewis,856,Solar,14,how,3177,776469,Eric James,631-884-7163x6622

76,42,2025-01-10,3454,Ramirez LLC,515,Solar,2,return,4345,15714,Karla Williams,746.435.9498

33,25,2025-02-11,2919,Bentley Ltd,354,Hydro,9,treatment,4393,700514,Jesus Farmer,001-761-463-3181x90875

24,43,2025-02-10,4145,Pierce-Johnson,675,Nuclear,16,look,7876,984110,Jaime Schmidt,469.261.3586x0432

37,13,2025-01-16,7812,"Hardy, Miller and Williams",110,Hydro,6,how,3177,776469,Sheryl Jenkins,001-292-646-9104x486

77,5,2025-02-18,3921,Davis Ltd,715,Solar,13,leader,4787,957156,Amanda Brewer,+1-709-384-6793x40569

21,1,2025-01-11,5114,Gomez-Lewis,915,Wind,14,yourself,6875,283881,Eric James,631-884-7163x6622

59,19,2025-01-03,4632,"Mata, Banks and Anderson",540,Nuclear,13,onto,7913,928325,Amanda Brewer,+1-709-384-6793x40569

62,21,2025-02-11,2657,Yoder PLC,839,Solar,2,speak,2076,415796,Karla Williams,746.435.9498

53,46,2025-01-01,3003,"Mills, Robinson and Mendoza",602,Wind,18,whom,3784,277709,Alexander Peck,596.919.9974

68,34,2025-02-22,1458,Serrano LLC,86,Solar,3,open,1610,182975,Brittany Fisher,859-631-7851x3001

78,27,2025-02-11,5404,Lopez-Johnson,256,Wind,13,million,8462,409281,Amanda Brewer,+1-709-384-6793x40569

48,14,2025-02-09,7043,Gilbert PLC,491,Wind,18,open,2974,951557,Alexander Peck,596.919.9974

57,28,2025-01-31,7197,Goodman LLC,821,Wind,16,sometimes,3855,939660,Jaime Schmidt,469.261.3586x0432

29,9,2025-01-03,6514,Martinez-Allen,467,Solar,7,worker,8069,831675,Andrew Molina,260-952-5460x9017

54,14,2025-02-01,9484,Johnson-West,834,Hydro,5,open,2974,951557,Abigail Bass,3279096207

22,47,2025-01-12,2620,Leonard Ltd,614,Nuclear,8,attorney,1928,129170,Jason Rogers,318.998.1018x29895

20,47,2025-02-07,4761,"Larson, Aguilar and Peterson",143,Wind,11,attorney,1928,129170,Nancy Taylor,456.498.4947

24,45,2025-01-02,7950,Pierce-Johnson,675,Nuclear,16,your,5983,437390,Jaime Schmidt,469.261.3586x0432

67,16,2025-01-09,7682,Rivera Inc,752,Nuclear,19,since,8610,173045,Russell Moore,(267)386-4970x20501

10,30,2025-02-21,7966,Rice PLC,586,Solar,14,must,7022,806990,Eric James,631-884-7163x6622

4,43,2025-01-08,8905,Herrera PLC,360,Solar,3,look,7876,984110,Brittany Fisher,859-631-7851x3001

29,48,2025-01-17,7182,Martinez-Allen,467,Solar,7,wall,9732,68927,Andrew Molina,260-952-5460x9017

87,41,2025-01-16,5289,"Buchanan, Thomas and Kramer",58,Hydro,3,probably,4696,454566,Brittany Fisher,859-631-7851x3001

19,50,2025-01-26,1191,Monroe-Torres,636,Hydro,5,discussion,7517,60763,Abigail Bass,3279096207

91,36,2025-01-31,5698,Washington-Rodriguez,357,Wind,9,suggest,1365,638048,Jesus Farmer,001-761-463-3181x90875

21,23,2025-01-10,9491,Gomez-Lewis,915,Wind,14,almost,7874,156719,Eric James,631-884-7163x6622

93,3,2025-01-22,805,Phillips-Parks,446,Wind,18,style,6743,423946,Alexander Peck,596.919.9974

58,24,2025-01-29,5504,"Murray, Sanchez and Reynolds",429,Solar,13,down,9008,265642,Amanda Brewer,+1-709-384-6793x40569

84,1,2025-01-25,790,Hardin PLC,346,Nuclear,10,yourself,6875,283881,Joseph Avery,(675)499-8210x26579

44,2,2025-02-02,4393,Martin LLC,320,Nuclear,5,concern,4778,285671,Abigail Bass,3279096207

85,39,2025-01-11,9193,Robinson-Brewer,190,Wind,7,final,3375,251396,Andrew Molina,260-952-5460x9017

1,37,2025-01-31,8375,Jones-Alvarez,419,Nuclear,11,girl,7259,155879,Nancy Taylor,456.498.4947

61,31,2025-01-26,1130,Williams PLC,691,Nuclear,8,main,371,337108,Jason Rogers,318.998.1018x29895

39,9,2025-01-31,1145,Phillips-Glass,104,Hydro,1,worker,8069,831675,Geoffrey Rowe,+1-470-992-8199x713

80,21,2025-02-06,7575,Davis-Moran,554,Hydro,7,speak,2076,415796,Andrew Molina,260-952-5460x9017

78,13,2025-01-02,7657,Lopez-Johnson,256,Wind,13,how,3177,776469,Amanda Brewer,+1-709-384-6793x40569

78,40,2025-01-10,4270,Lopez-Johnson,256,Wind,13,about,8969,309357,Amanda Brewer,+1-709-384-6793x40569

9,12,2025-01-24,9222,"Hudson, Powell and Combs",64,Hydro,19,draw,7439,732796,Russell Moore,(267)386-4970x20501

74,48,2025-01-18,7742,Hood-Jones,151,Nuclear,15,wall,9732,68927,Thomas Ramsey Jr.,974-935-3350

23,24,2025-01-28,4152,Young Group,460,Hydro,9,down,9008,265642,Jesus Farmer,001-761-463-3181x90875

66,37,2025-01-14,2562,Hill-Frazier,972,Solar,16,girl,7259,155879,Jaime Schmidt,469.261.3586x0432

33,16,2025-02-16,9537,Bentley Ltd,354,Hydro,9,since,8610,173045,Jesus Farmer,001-761-463-3181x90875

2,36,2025-01-13,6122,"Bailey, Kemp and Mills",500,Hydro,3,suggest,1365,638048,Brittany Fisher,859-631-7851x3001

50,5,2025-02-22,5127,Ramirez PLC,321,Hydro,8,leader,4787,957156,Jason Rogers,318.998.1018x29895

2,12,2025-01-09,3749,"Bailey, Kemp and Mills",500,Hydro,3,draw,7439,732796,Brittany Fisher,859-631-7851x3001

22,3,2025-01-27,4701,Leonard Ltd,614,Nuclear,8,style,6743,423946,Jason Rogers,318.998.1018x29895

4,23,2025-02-08,3978,Herrera PLC,360,Solar,3,almost,7874,156719,Brittany Fisher,859-631-7851x3001

17,18,2025-01-12,5447,Yang-Phillips,276,Wind,5,will,1895,371452,Abigail Bass,3279096207

53,30,2025-01-11,3128,"Mills, Robinson and Mendoza",602,Wind,18,must,7022,806990,Alexander Peck,596.919.9974

94,7,2025-01-05,2667,Clark and Sons,334,Solar,13,entire,9471,153649,Amanda Brewer,+1-709-384-6793x40569

90,23,2025-01-28,5647,"Taylor, Walker and Martinez",96,Solar,6,almost,7874,156719,Sheryl Jenkins,001-292-646-9104x486

89,26,2025-01-11,7068,Bailey-Saunders,659,Solar,7,with,154,217686,Andrew Molina,260-952-5460x9017

92,22,2025-01-26,9902,Butler-Acosta,643,Wind,7,culture,3438,890453,Andrew Molina,260-952-5460x9017

38,11,2025-01-07,6941,Kennedy-Lewis,856,Solar,14,produce,7733,515402,Eric James,631-884-7163x6622

27,31,2025-01-14,9618,"Callahan, Fry and Wheeler",421,Hydro,16,main,371,337108,Jaime Schmidt,469.261.3586x0432

66,34,2025-01-30,834,Hill-Frazier,972,Solar,16,open,1610,182975,Jaime Schmidt,469.261.3586x0432

76,16,2025-01-30,6276,Ramirez LLC,515,Solar,2,since,8610,173045,Karla Williams,746.435.9498

72,31,2025-01-22,3788,Walton Group,785,Nuclear,11,main,371,337108,Nancy Taylor,456.498.4947

70,14,2025-01-12,9345,"Hayden, Lewis and Lee",917,Wind,5,open,2974,951557,Abigail Bass,3279096207

38,3,2025-01-24,4526,Kennedy-Lewis,856,Solar,14,style,6743,423946,Eric James,631-884-7163x6622

86,16,2025-01-18,6518,Thompson Group,378,Nuclear,1,since,8610,173045,Geoffrey Rowe,+1-470-992-8199x713

66,2,2025-01-06,5958,Hill-Frazier,972,Solar,16,concern,4778,285671,Jaime Schmidt,469.261.3586x0432

70,47,2025-02-12,4721,"Hayden, Lewis and Lee",917,Wind,5,attorney,1928,129170,Abigail Bass,3279096207

72,41,2025-02-07,9073,Walton Group,785,Nuclear,11,probably,4696,454566,Nancy Taylor,456.498.4947

18,15,2025-01-05,3476,Hull PLC,377,Solar,13,product,4684,162531,Amanda Brewer,+1-709-384-6793x40569

30,29,2025-02-15,8151,"Barrett, Turner and Welch",111,Hydro,14,produce,703,775317,Eric James,631-884-7163x6622

93,12,2025-01-19,9810,Phillips-Parks,446,Wind,18,draw,7439,732796,Alexander Peck,596.919.9974

77,30,2025-02-03,4896,Davis Ltd,715,Solar,13,must,7022,806990,Amanda Brewer,+1-709-384-6793x40569

57,37,2025-01-02,6353,Goodman LLC,821,Wind,16,girl,7259,155879,Jaime Schmidt,469.261.3586x0432

89,44,2025-01-23,8783,Bailey-Saunders,659,Solar,7,training,4710,592423,Andrew Molina,260-952-5460x9017

62,15,2025-02-22,9625,Yoder PLC,839,Solar,2,product,4684,162531,Karla Williams,746.435.9498

63,27,2025-01-23,1121,Martinez-Hill,502,Wind,3,million,8462,409281,Brittany Fisher,859-631-7851x3001

29,4,2025-02-05,9864,Martinez-Allen,467,Solar,7,group,4637,483318,Andrew Molina,260-952-5460x9017

43,26,2025-02-05,1611,Hayes-Morgan,246,Nuclear,14,with,154,217686,Eric James,631-884-7163x6622

2,47,2025-01-04,1569,"Bailey, Kemp and Mills",500,Hydro,3,attorney,1928,129170,Brittany Fisher,859-631-7851x3001

84,31,2025-02-02,1928,Hardin PLC,346,Nuclear,10,main,371,337108,Joseph Avery,(675)499-8210x26579

81,48,2025-01-19,1298,"Tapia, Thomas and Frey",868,Hydro,4,wall,9732,68927,Susan Kennedy,(304)623-7933

59,23,2025-01-11,7912,"Mata, Banks and Anderson",540,Nuclear,13,almost,7874,156719,Amanda Brewer,+1-709-384-6793x40569

92,50,2025-01-09,1343,Butler-Acosta,643,Wind,7,discussion,7517,60763,Andrew Molina,260-952-5460x9017

98,5,2025-01-18,5704,Schaefer and Sons,738,Nuclear,15,leader,4787,957156,Thomas Ramsey Jr.,974-935-3350

62,16,2025-01-31,5123,Yoder PLC,839,Solar,2,since,8610,173045,Karla Williams,746.435.9498

63,42,2025-01-10,8563,Martinez-Hill,502,Wind,3,return,4345,15714,Brittany Fisher,859-631-7851x3001

46,23,2025-01-02,4539,Flores-Johnson,448,Solar,20,almost,7874,156719,Lori Stevens,566-636-0830

90,7,2025-02-06,2786,"Taylor, Walker and Martinez",96,Solar,6,entire,9471,153649,Sheryl Jenkins,001-292-646-9104x486

4,16,2025-01-17,6448,Herrera PLC,360,Solar,3,since,8610,173045,Brittany Fisher,859-631-7851x3001

32,49,2025-02-10,3686,Gallagher-Farrell,404,Wind,18,quite,7036,505364,Alexander Peck,596.919.9974

43,34,2025-01-04,3326,Hayes-Morgan,246,Nuclear,14,open,1610,182975,Eric James,631-884-7163x6622

49,37,2025-02-07,6343,Huynh-Bishop,912,Hydro,11,girl,7259,155879,Nancy Taylor,456.498.4947

49,16,2025-01-22,7527,Huynh-Bishop,912,Hydro,11,since,8610,173045,Nancy Taylor,456.498.4947

31,45,2025-01-14,3512,Jackson-Blair,289,Wind,6,your,5983,437390,Sheryl Jenkins,001-292-646-9104x486

89,24,2025-01-07,1173,Bailey-Saunders,659,Solar,7,down,9008,265642,Andrew Molina,260-952-5460x9017

60,45,2025-01-26,431,Johnson Ltd,396,Wind,11,your,5983,437390,Nancy Taylor,456.498.4947

96,5,2025-01-27,4848,"Herring, Fernandez and Johnson",333,Nuclear,14,leader,4787,957156,Eric James,631-884-7163x6622

29,2,2025-01-08,1727,Martinez-Allen,467,Solar,7,concern,4778,285671,Andrew Molina,260-952-5460x9017

2,41,2025-02-17,2636,"Bailey, Kemp and Mills",500,Hydro,3,probably,4696,454566,Brittany Fisher,859-631-7851x3001

50,49,2025-02-05,2721,Ramirez PLC,321,Hydro,8,quite,7036,505364,Jason Rogers,318.998.1018x29895

50,28,2025-01-17,8370,Ramirez PLC,321,Hydro,8,sometimes,3855,939660,Jason Rogers,318.998.1018x29895

92,38,2025-01-16,7876,Butler-Acosta,643,Wind,7,serious,3957,995225,Andrew Molina,260-952-5460x9017

55,47,2025-01-25,6859,"Gregory, Coleman and Mcdonald",502,Nuclear,1,attorney,1928,129170,Geoffrey Rowe,+1-470-992-8199x713

58,50,2025-02-13,694,"Murray, Sanchez and Reynolds",429,Solar,13,discussion,7517,60763,Amanda Brewer,+1-709-384-6793x40569

81,47,2025-01-29,3558,"Tapia, Thomas and Frey",868,Hydro,4,attorney,1928,129170,Susan Kennedy,(304)623-7933

79,21,2025-02-07,481,"Lynch, Jones and Wilson",626,Solar,18,speak,2076,415796,Alexander Peck,596.919.9974

40,17,2025-01-11,931,Taylor Group,253,Solar,18,peace,2784,693090,Alexander Peck,596.919.9974

29,3,2025-02-11,9547,Martinez-Allen,467,Solar,7,style,6743,423946,Andrew Molina,260-952-5460x9017

84,29,2025-02-11,7981,Hardin PLC,346,Nuclear,10,produce,703,775317,Joseph Avery,(675)499-8210x26579

7,12,2025-01-20,9638,West-Morrison,600,Nuclear,10,draw,7439,732796,Joseph Avery,(675)499-8210x26579

8,15,2025-01-27,8011,"Byrd, Buck and Robinson",739,Wind,14,product,4684,162531,Eric James,631-884-7163x6622

74,27,2025-01-28,3724,Hood-Jones,151,Nuclear,15,million,8462,409281,Thomas Ramsey Jr.,974-935-3350

97,41,2025-01-16,8863,Smith PLC,155,Nuclear,1,probably,4696,454566,Geoffrey Rowe,+1-470-992-8199x713

8,18,2025-01-22,3905,"Byrd, Buck and Robinson",739,Wind,14,will,1895,371452,Eric James,631-884-7163x6622

62,6,2025-01-01,7168,Yoder PLC,839,Solar,2,wall,1707,496580,Karla Williams,746.435.9498

57,1,2025-02-06,7998,Goodman LLC,821,Wind,16,yourself,6875,283881,Jaime Schmidt,469.261.3586x0432

49,28,2025-01-02,8335,Huynh-Bishop,912,Hydro,11,sometimes,3855,939660,Nancy Taylor,456.498.4947

80,41,2025-01-24,8480,Davis-Moran,554,Hydro,7,probably,4696,454566,Andrew Molina,260-952-5460x9017

60,14,2025-01-28,1080,Johnson Ltd,396,Wind,11,open,2974,951557,Nancy Taylor,456.498.4947

84,27,2025-02-01,3037,Hardin PLC,346,Nuclear,10,million,8462,409281,Joseph Avery,(675)499-8210x26579

24,21,2025-01-22,1386,Pierce-Johnson,675,Nuclear,16,speak,2076,415796,Jaime Schmidt,469.261.3586x0432

72,47,2025-02-22,5035,Walton Group,785,Nuclear,11,attorney,1928,129170,Nancy Taylor,456.498.4947

67,4,2025-01-12,2686,Rivera Inc,752,Nuclear,19,group,4637,483318,Russell Moore,(267)386-4970x20501

95,33,2025-02-06,552,Rollins Group,494,Wind,6,side,6063,947493,Sheryl Jenkins,001-292-646-9104x486

92,23,2025-02-07,8447,Butler-Acosta,643,Wind,7,almost,7874,156719,Andrew Molina,260-952-5460x9017

68,25,2025-01-04,1433,Serrano LLC,86,Solar,3,treatment,4393,700514,Brittany Fisher,859-631-7851x3001

98,27,2025-01-22,5706,Schaefer and Sons,738,Nuclear,15,million,8462,409281,Thomas Ramsey Jr.,974-935-3350

54,41,2025-01-27,3570,Johnson-West,834,Hydro,5,probably,4696,454566,Abigail Bass,3279096207

64,24,2025-01-25,4237,Lucas-Hansen,806,Solar,17,down,9008,265642,Michael Owens,8093546257

56,28,2025-02-12,3389,Christensen Ltd,714,Solar,1,sometimes,3855,939660,Geoffrey Rowe,+1-470-992-8199x713

49,32,2025-02-18,6115,Huynh-Bishop,912,Hydro,11,event,5956,322658,Nancy Taylor,456.498.4947

86,26,2025-01-01,1687,Thompson Group,378,Nuclear,1,with,154,217686,Geoffrey Rowe,+1-470-992-8199x713

12,44,2025-01-18,4086,Dixon Ltd,408,Hydro,12,training,4710,592423,Ana Wade,(251)275-8824x168

13,44,2025-02-18,3915,Davis-Bonilla,880,Solar,18,training,4710,592423,Alexander Peck,596.919.9974

24,49,2025-01-17,3606,Pierce-Johnson,675,Nuclear,16,quite,7036,505364,Jaime Schmidt,469.261.3586x0432

52,30,2025-01-13,5296,"Thomas, Dudley and Green",385,Nuclear,7,must,7022,806990,Andrew Molina,260-952-5460x9017

68,41,2025-01-07,4782,Serrano LLC,86,Solar,3,probably,4696,454566,Brittany Fisher,859-631-7851x3001

30,4,2025-01-22,6665,"Barrett, Turner and Welch",111,Hydro,14,group,4637,483318,Eric James,631-884-7163x6622

62,9,2025-01-30,9809,Yoder PLC,839,Solar,2,worker,8069,831675,Karla Williams,746.435.9498

17,26,2025-01-27,8086,Yang-Phillips,276,Wind,5,with,154,217686,Abigail Bass,3279096207

89,50,2025-02-04,1011,Bailey-Saunders,659,Solar,7,discussion,7517,60763,Andrew Molina,260-952-5460x9017

57,29,2025-01-24,8522,Goodman LLC,821,Wind,16,produce,703,775317,Jaime Schmidt,469.261.3586x0432

90,45,2025-01-01,3285,"Taylor, Walker and Martinez",96,Solar,6,your,5983,437390,Sheryl Jenkins,001-292-646-9104x486

70,15,2025-02-15,3704,"Hayden, Lewis and Lee",917,Wind,5,product,4684,162531,Abigail Bass,3279096207

79,12,2025-01-07,1926,"Lynch, Jones and Wilson",626,Solar,18,draw,7439,732796,Alexander Peck,596.919.9974

72,22,2025-01-27,4212,Walton Group,785,Nuclear,11,culture,3438,890453,Nancy Taylor,456.498.4947

20,38,2025-01-27,5046,"Larson, Aguilar and Peterson",143,Wind,11,serious,3957,995225,Nancy Taylor,456.498.4947

92,18,2025-02-07,5805,Butler-Acosta,643,Wind,7,will,1895,371452,Andrew Molina,260-952-5460x9017

69,28,2025-01-26,6543,Brown Inc,416,Solar,18,sometimes,3855,939660,Alexander Peck,596.919.9974

91,35,2025-02-01,7082,Washington-Rodriguez,357,Wind,9,artist,1120,171821,Jesus Farmer,001-761-463-3181x90875

94,2,2025-02-10,3084,Clark and Sons,334,Solar,13,concern,4778,285671,Amanda Brewer,+1-709-384-6793x40569

20,12,2025-01-10,9062,"Larson, Aguilar and Peterson",143,Wind,11,draw,7439,732796,Nancy Taylor,456.498.4947

82,8,2025-01-10,6124,Hart-Roth,875,Solar,8,safe,9741,174598,Jason Rogers,318.998.1018x29895

92,43,2025-02-07,8101,Butler-Acosta,643,Wind,7,look,7876,984110,Andrew Molina,260-952-5460x9017

54,35,2025-01-18,5609,Johnson-West,834,Hydro,5,artist,1120,171821,Abigail Bass,3279096207

15,35,2025-01-26,7157,"Martinez, Maldonado and Sosa",872,Nuclear,12,artist,1120,171821,Ana Wade,(251)275-8824x168

44,24,2025-02-17,5908,Martin LLC,320,Nuclear,5,down,9008,265642,Abigail Bass,3279096207

20,34,2025-02-11,1409,"Larson, Aguilar and Peterson",143,Wind,11,open,1610,182975,Nancy Taylor,456.498.4947

27,42,2025-02-18,6116,"Callahan, Fry and Wheeler",421,Hydro,16,return,4345,15714,Jaime Schmidt,469.261.3586x0432

79,45,2025-01-06,2601,"Lynch, Jones and Wilson",626,Solar,18,your,5983,437390,Alexander Peck,596.919.9974

36,3,2025-01-14,7781,Smith Ltd,183,Wind,12,style,6743,423946,Ana Wade,(251)275-8824x168

18,6,2025-01-09,3216,Hull PLC,377,Solar,13,wall,1707,496580,Amanda Brewer,+1-709-384-6793x40569

39,31,2025-01-27,3253,Phillips-Glass,104,Hydro,1,main,371,337108,Geoffrey Rowe,+1-470-992-8199x713

78,10,2025-01-21,3456,Lopez-Johnson,256,Wind,13,example,775,214555,Amanda Brewer,+1-709-384-6793x40569

35,19,2025-01-15,5482,"Ortiz, Floyd and Roman",843,Solar,15,onto,7913,928325,Thomas Ramsey Jr.,974-935-3350

41,38,2025-01-23,3186,Holmes-Martinez,525,Solar,18,serious,3957,995225,Alexander Peck,596.919.9974

1,12,2025-02-16,7202,Jones-Alvarez,419,Nuclear,11,draw,7439,732796,Nancy Taylor,456.498.4947

98,31,2025-02-02,745,Schaefer and Sons,738,Nuclear,15,main,371,337108,Thomas Ramsey Jr.,974-935-3350

84,5,2025-02-09,3371,Hardin PLC,346,Nuclear,10,leader,4787,957156,Joseph Avery,(675)499-8210x26579

43,37,2025-01-03,9357,Hayes-Morgan,246,Nuclear,14,girl,7259,155879,Eric James,631-884-7163x6622

39,28,2025-01-20,6319,Phillips-Glass,104,Hydro,1,sometimes,3855,939660,Geoffrey Rowe,+1-470-992-8199x713

38,35,2025-01-15,7916,Kennedy-Lewis,856,Solar,14,artist,1120,171821,Eric James,631-884-7163x6622

85,19,2025-02-12,1884,Robinson-Brewer,190,Wind,7,onto,7913,928325,Andrew Molina,260-952-5460x9017

35,17,2025-01-12,1717,"Ortiz, Floyd and Roman",843,Solar,15,peace,2784,693090,Thomas Ramsey Jr.,974-935-3350

36,30,2025-01-28,2263,Smith Ltd,183,Wind,12,must,7022,806990,Ana Wade,(251)275-8824x168

19,36,2025-01-02,9322,Monroe-Torres,636,Hydro,5,suggest,1365,638048,Abigail Bass,3279096207

19,43,2025-01-05,1940,Monroe-Torres,636,Hydro,5,look,7876,984110,Abigail Bass,3279096207

24,42,2025-01-06,5205,Pierce-Johnson,675,Nuclear,16,return,4345,15714,Jaime Schmidt,469.261.3586x0432

44,5,2025-01-01,8750,Martin LLC,320,Nuclear,5,leader,4787,957156,Abigail Bass,3279096207

52,30,2025-02-07,6680,"Thomas, Dudley and Green",385,Nuclear,7,must,7022,806990,Andrew Molina,260-952-5460x9017

31,12,2025-01-28,2680,Jackson-Blair,289,Wind,6,draw,7439,732796,Sheryl Jenkins,001-292-646-9104x486

1,15,2025-02-15,7702,Jones-Alvarez,419,Nuclear,11,product,4684,162531,Nancy Taylor,456.498.4947

32,7,2025-01-06,1777,Gallagher-Farrell,404,Wind,18,entire,9471,153649,Alexander Peck,596.919.9974

82,39,2025-02-07,1568,Hart-Roth,875,Solar,8,final,3375,251396,Jason Rogers,318.998.1018x29895

31,35,2025-01-14,9244,Jackson-Blair,289,Wind,6,artist,1120,171821,Sheryl Jenkins,001-292-646-9104x486

73,50,2025-02-07,4582,"Lewis, Martin and Barber",273,Nuclear,19,discussion,7517,60763,Russell Moore,(267)386-4970x20501

65,44,2025-01-23,8317,Martinez-Petersen,675,Hydro,2,training,4710,592423,Karla Williams,746.435.9498

35,25,2025-02-16,8218,"Ortiz, Floyd and Roman",843,Solar,15,treatment,4393,700514,Thomas Ramsey Jr.,974-935-3350

14,48,2025-01-25,1796,"Hunt, Sanchez and Bradley",388,Nuclear,3,wall,9732,68927,Brittany Fisher,859-631-7851x3001

73,24,2025-01-04,928,"Lewis, Martin and Barber",273,Nuclear,19,down,9008,265642,Russell Moore,(267)386-4970x20501

30,32,2025-02-01,8727,"Barrett, Turner and Welch",111,Hydro,14,event,5956,322658,Eric James,631-884-7163x6622

71,10,2025-02-18,9079,"Johnson, Terry and Wells",115,Hydro,9,example,775,214555,Jesus Farmer,001-761-463-3181x90875

28,48,2025-02-19,1389,Hall and Sons,969,Wind,11,wall,9732,68927,Nancy Taylor,456.498.4947

55,27,2025-02-20,9232,"Gregory, Coleman and Mcdonald",502,Nuclear,1,million,8462,409281,Geoffrey Rowe,+1-470-992-8199x713

27,12,2025-01-16,7042,"Callahan, Fry and Wheeler",421,Hydro,16,draw,7439,732796,Jaime Schmidt,469.261.3586x0432

69,19,2025-01-12,1142,Brown Inc,416,Solar,18,onto,7913,928325,Alexander Peck,596.919.9974

8,32,2025-02-01,3813,"Byrd, Buck and Robinson",739,Wind,14,event,5956,322658,Eric James,631-884-7163x6622

67,2,2025-02-09,2008,Rivera Inc,752,Nuclear,19,concern,4778,285671,Russell Moore,(267)386-4970x20501

65,18,2025-01-20,8866,Martinez-Petersen,675,Hydro,2,will,1895,371452,Karla Williams,746.435.9498

81,25,2025-01-18,7936,"Tapia, Thomas and Frey",868,Hydro,4,treatment,4393,700514,Susan Kennedy,(304)623-7933

12,16,2025-02-12,2598,Dixon Ltd,408,Hydro,12,since,8610,173045,Ana Wade,(251)275-8824x168

22,38,2025-02-20,3661,Leonard Ltd,614,Nuclear,8,serious,3957,995225,Jason Rogers,318.998.1018x29895

35,50,2025-01-09,8488,"Ortiz, Floyd and Roman",843,Solar,15,discussion,7517,60763,Thomas Ramsey Jr.,974-935-3350

5,17,2025-01-18,9883,"Nguyen, Barber and Carr",865,Nuclear,8,peace,2784,693090,Jason Rogers,318.998.1018x29895

25,46,2025-01-19,7374,Castro Ltd,902,Nuclear,14,whom,3784,277709,Eric James,631-884-7163x6622

77,2,2025-01-07,5284,Davis Ltd,715,Solar,13,concern,4778,285671,Amanda Brewer,+1-709-384-6793x40569

71,13,2025-02-08,6420,"Johnson, Terry and Wells",115,Hydro,9,how,3177,776469,Jesus Farmer,001-761-463-3181x90875

73,48,2025-01-24,1042,"Lewis, Martin and Barber",273,Nuclear,19,wall,9732,68927,Russell Moore,(267)386-4970x20501

23,19,2025-01-22,9490,Young Group,460,Hydro,9,onto,7913,928325,Jesus Farmer,001-761-463-3181x90875

54,12,2025-01-05,8119,Johnson-West,834,Hydro,5,draw,7439,732796,Abigail Bass,3279096207

59,2,2025-01-07,3234,"Mata, Banks and Anderson",540,Nuclear,13,concern,4778,285671,Amanda Brewer,+1-709-384-6793x40569

22,34,2025-02-15,400,Leonard Ltd,614,Nuclear,8,open,1610,182975,Jason Rogers,318.998.1018x29895

83,26,2025-01-13,3546,Lutz Ltd,281,Hydro,8,with,154,217686,Jason Rogers,318.998.1018x29895

82,40,2025-01-16,296,Hart-Roth,875,Solar,8,about,8969,309357,Jason Rogers,318.998.1018x29895

65,15,2025-02-20,4053,Martinez-Petersen,675,Hydro,2,product,4684,162531,Karla Williams,746.435.9498

43,16,2025-01-20,1536,Hayes-Morgan,246,Nuclear,14,since,8610,173045,Eric James,631-884-7163x6622

43,16,2025-01-26,5310,Hayes-Morgan,246,Nuclear,14,since,8610,173045,Eric James,631-884-7163x6622

43,37,2025-02-22,3686,Hayes-Morgan,246,Nuclear,14,girl,7259,155879,Eric James,631-884-7163x6622

68,10,2025-02-07,2530,Serrano LLC,86,Solar,3,example,775,214555,Brittany Fisher,859-631-7851x3001

79,12,2025-02-04,8203,"Lynch, Jones and Wilson",626,Solar,18,draw,7439,732796,Alexander Peck,596.919.9974

32,1,2025-01-20,4824,Gallagher-Farrell,404,Wind,18,yourself,6875,283881,Alexander Peck,596.919.9974

52,13,2025-01-12,508,"Thomas, Dudley and Green",385,Nuclear,7,how,3177,776469,Andrew Molina,260-952-5460x9017

99,17,2025-02-18,8312,"Rodriguez, Wright and Ewing",540,Wind,13,peace,2784,693090,Amanda Brewer,+1-709-384-6793x40569

71,17,2025-01-20,347,"Johnson, Terry and Wells",115,Hydro,9,peace,2784,693090,Jesus Farmer,001-761-463-3181x90875

53,37,2025-02-05,4775,"Mills, Robinson and Mendoza",602,Wind,18,girl,7259,155879,Alexander Peck,596.919.9974

50,41,2025-01-12,7696,Ramirez PLC,321,Hydro,8,probably,4696,454566,Jason Rogers,318.998.1018x29895

32,25,2025-01-05,6374,Gallagher-Farrell,404,Wind,18,treatment,4393,700514,Alexander Peck,596.919.9974

23,34,2025-01-31,2014,Young Group,460,Hydro,9,open,1610,182975,Jesus Farmer,001-761-463-3181x90875

18,38,2025-01-28,9178,Hull PLC,377,Solar,13,serious,3957,995225,Amanda Brewer,+1-709-384-6793x40569

45,47,2025-01-26,609,"Nunez, Taylor and Neal",59,Solar,7,attorney,1928,129170,Andrew Molina,260-952-5460x9017

17,27,2025-02-07,6965,Yang-Phillips,276,Wind,5,million,8462,409281,Abigail Bass,3279096207

35,24,2025-01-18,7793,"Ortiz, Floyd and Roman",843,Solar,15,down,9008,265642,Thomas Ramsey Jr.,974-935-3350

11,14,2025-02-01,5782,Miller-Jones,779,Wind,20,open,2974,951557,Lori Stevens,566-636-0830

60,48,2025-02-20,7444,Johnson Ltd,396,Wind,11,wall,9732,68927,Nancy Taylor,456.498.4947

88,47,2025-01-25,9712,Obrien and Sons,657,Wind,7,attorney,1928,129170,Andrew Molina,260-952-5460x9017

88,48,2025-02-01,9021,Obrien and Sons,657,Wind,7,wall,9732,68927,Andrew Molina,260-952-5460x9017

52,2,2025-01-15,1788,"Thomas, Dudley and Green",385,Nuclear,7,concern,4778,285671,Andrew Molina,260-952-5460x9017

84,23,2025-02-05,9368,Hardin PLC,346,Nuclear,10,almost,7874,156719,Joseph Avery,(675)499-8210x26579

93,49,2025-02-07,1764,Phillips-Parks,446,Wind,18,quite,7036,505364,Alexander Peck,596.919.9974

23,11,2025-01-31,3444,Young Group,460,Hydro,9,produce,7733,515402,Jesus Farmer,001-761-463-3181x90875

84,12,2025-01-01,8877,Hardin PLC,346,Nuclear,10,draw,7439,732796,Joseph Avery,(675)499-8210x26579

96,7,2025-02-18,951,"Herring, Fernandez and Johnson",333,Nuclear,14,entire,9471,153649,Eric James,631-884-7163x6622

84,6,2025-02-12,7128,Hardin PLC,346,Nuclear,10,wall,1707,496580,Joseph Avery,(675)499-8210x26579

40,31,2025-01-10,1675,Taylor Group,253,Solar,18,main,371,337108,Alexander Peck,596.919.9974

25,23,2025-01-21,8123,Castro Ltd,902,Nuclear,14,almost,7874,156719,Eric James,631-884-7163x6622

37,31,2025-02-10,885,"Hardy, Miller and Williams",110,Hydro,6,main,371,337108,Sheryl Jenkins,001-292-646-9104x486

10,2,2025-01-06,4547,Rice PLC,586,Solar,14,concern,4778,285671,Eric James,631-884-7163x6622

49,36,2025-01-10,8166,Huynh-Bishop,912,Hydro,11,suggest,1365,638048,Nancy Taylor,456.498.4947

90,38,2025-01-07,2498,"Taylor, Walker and Martinez",96,Solar,6,serious,3957,995225,Sheryl Jenkins,001-292-646-9104x486

23,18,2025-01-15,1190,Young Group,460,Hydro,9,will,1895,371452,Jesus Farmer,001-761-463-3181x90875

26,16,2025-01-20,9727,Farmer-Moore,460,Hydro,13,since,8610,173045,Amanda Brewer,+1-709-384-6793x40569

69,26,2025-01-02,2739,Brown Inc,416,Solar,18,with,154,217686,Alexander Peck,596.919.9974

78,47,2025-02-06,2725,Lopez-Johnson,256,Wind,13,attorney,1928,129170,Amanda Brewer,+1-709-384-6793x40569

96,44,2025-01-08,3157,"Herring, Fernandez and Johnson",333,Nuclear,14,training,4710,592423,Eric James,631-884-7163x6622

59,46,2025-01-19,893,"Mata, Banks and Anderson",540,Nuclear,13,whom,3784,277709,Amanda Brewer,+1-709-384-6793x40569

10,30,2025-01-19,5298,Rice PLC,586,Solar,14,must,7022,806990,Eric James,631-884-7163x6622

71,47,2025-01-17,949,"Johnson, Terry and Wells",115,Hydro,9,attorney,1928,129170,Jesus Farmer,001-761-463-3181x90875

94,19,2025-01-10,6614,Clark and Sons,334,Solar,13,onto,7913,928325,Amanda Brewer,+1-709-384-6793x40569

81,13,2025-01-23,2959,"Tapia, Thomas and Frey",868,Hydro,4,how,3177,776469,Susan Kennedy,(304)623-7933

34,48,2025-01-11,883,Roberts Ltd,108,Solar,19,wall,9732,68927,Russell Moore,(267)386-4970x20501

86,14,2025-01-11,9160,Thompson Group,378,Nuclear,1,open,2974,951557,Geoffrey Rowe,+1-470-992-8199x713

38,20,2025-02-08,7783,Kennedy-Lewis,856,Solar,14,general,1092,178557,Eric James,631-884-7163x6622

81,42,2025-02-03,9874,"Tapia, Thomas and Frey",868,Hydro,4,return,4345,15714,Susan Kennedy,(304)623-7933

12,47,2025-02-02,8323,Dixon Ltd,408,Hydro,12,attorney,1928,129170,Ana Wade,(251)275-8824x168

69,47,2025-02-20,640,Brown Inc,416,Solar,18,attorney,1928,129170,Alexander Peck,596.919.9974

31,49,2025-01-05,7202,Jackson-Blair,289,Wind,6,quite,7036,505364,Sheryl Jenkins,001-292-646-9104x486

74,42,2025-01-29,5480,Hood-Jones,151,Nuclear,15,return,4345,15714,Thomas Ramsey Jr.,974-935-3350

76,47,2025-01-07,2782,Ramirez LLC,515,Solar,2,attorney,1928,129170,Karla Williams,746.435.9498

7,16,2025-01-04,6528,West-Morrison,600,Nuclear,10,since,8610,173045,Joseph Avery,(675)499-8210x26579

85,33,2025-01-18,2910,Robinson-Brewer,190,Wind,7,side,6063,947493,Andrew Molina,260-952-5460x9017

53,49,2025-01-23,2174,"Mills, Robinson and Mendoza",602,Wind,18,quite,7036,505364,Alexander Peck,596.919.9974

81,26,2025-02-14,9450,"Tapia, Thomas and Frey",868,Hydro,4,with,154,217686,Susan Kennedy,(304)623-7933

75,13,2025-01-20,3854,Moody-Jones,860,Nuclear,18,how,3177,776469,Alexander Peck,596.919.9974

47,23,2025-01-25,4387,"Mason, Deleon and Cummings",486,Solar,1,almost,7874,156719,Geoffrey Rowe,+1-470-992-8199x713

45,36,2025-01-18,323,"Nunez, Taylor and Neal",59,Solar,7,suggest,1365,638048,Andrew Molina,260-952-5460x9017

73,44,2025-02-17,927,"Lewis, Martin and Barber",273,Nuclear,19,training,4710,592423,Russell Moore,(267)386-4970x20501

23,37,2025-01-25,1631,Young Group,460,Hydro,9,girl,7259,155879,Jesus Farmer,001-761-463-3181x90875

39,37,2025-02-18,8285,Phillips-Glass,104,Hydro,1,girl,7259,155879,Geoffrey Rowe,+1-470-992-8199x713

16,47,2025-02-21,6388,Davis Group,158,Solar,7,attorney,1928,129170,Andrew Molina,260-952-5460x9017

39,9,2025-02-01,360,Phillips-Glass,104,Hydro,1,worker,8069,831675,Geoffrey Rowe,+1-470-992-8199x713

63,37,2025-01-01,5297,Martinez-Hill,502,Wind,3,girl,7259,155879,Brittany Fisher,859-631-7851x3001

7,43,2025-02-05,8247,West-Morrison,600,Nuclear,10,look,7876,984110,Joseph Avery,(675)499-8210x26579

80,24,2025-01-01,8475,Davis-Moran,554,Hydro,7,down,9008,265642,Andrew Molina,260-952-5460x9017

32,21,2025-01-10,9248,Gallagher-Farrell,404,Wind,18,speak,2076,415796,Alexander Peck,596.919.9974

2,12,2025-01-23,8945,"Bailey, Kemp and Mills",500,Hydro,3,draw,7439,732796,Brittany Fisher,859-631-7851x3001

53,39,2025-01-19,7773,"Mills, Robinson and Mendoza",602,Wind,18,final,3375,251396,Alexander Peck,596.919.9974

38,17,2025-02-18,7969,Kennedy-Lewis,856,Solar,14,peace,2784,693090,Eric James,631-884-7163x6622

3,23,2025-01-30,7971,Brown Inc,438,Wind,18,almost,7874,156719,Alexander Peck,596.919.9974

95,32,2025-01-08,4768,Rollins Group,494,Wind,6,event,5956,322658,Sheryl Jenkins,001-292-646-9104x486

4,5,2025-02-04,5013,Herrera PLC,360,Solar,3,leader,4787,957156,Brittany Fisher,859-631-7851x3001

72,3,2025-01-23,8756,Walton Group,785,Nuclear,11,style,6743,423946,Nancy Taylor,456.498.4947

88,35,2025-02-12,6881,Obrien and Sons,657,Wind,7,artist,1120,171821,Andrew Molina,260-952-5460x9017

49,50,2025-01-11,4286,Huynh-Bishop,912,Hydro,11,discussion,7517,60763,Nancy Taylor,456.498.4947

40,45,2025-01-12,6404,Taylor Group,253,Solar,18,your,5983,437390,Alexander Peck,596.919.9974

15,24,2025-01-17,5109,"Martinez, Maldonado and Sosa",872,Nuclear,12,down,9008,265642,Ana Wade,(251)275-8824x168

53,47,2025-02-16,5155,"Mills, Robinson and Mendoza",602,Wind,18,attorney,1928,129170,Alexander Peck,596.919.9974

42,34,2025-01-05,2425,Mccann-Cline,658,Wind,7,open,1610,182975,Andrew Molina,260-952-5460x9017

58,15,2025-01-11,9244,"Murray, Sanchez and Reynolds",429,Solar,13,product,4684,162531,Amanda Brewer,+1-709-384-6793x40569

88,24,2025-02-05,9920,Obrien and Sons,657,Wind,7,down,9008,265642,Andrew Molina,260-952-5460x9017

65,1,2025-02-09,7535,Martinez-Petersen,675,Hydro,2,yourself,6875,283881,Karla Williams,746.435.9498

98,46,2025-01-29,2449,Schaefer and Sons,738,Nuclear,15,whom,3784,277709,Thomas Ramsey Jr.,974-935-3350

45,6,2025-01-03,7139,"Nunez, Taylor and Neal",59,Solar,7,wall,1707,496580,Andrew Molina,260-952-5460x9017

22,26,2025-02-20,3478,Leonard Ltd,614,Nuclear,8,with,154,217686,Jason Rogers,318.998.1018x29895

86,48,2025-02-16,114,Thompson Group,378,Nuclear,1,wall,9732,68927,Geoffrey Rowe,+1-470-992-8199x713

43,3,2025-02-01,9761,Hayes-Morgan,246,Nuclear,14,style,6743,423946,Eric James,631-884-7163x6622

35,11,2025-01-27,6246,"Ortiz, Floyd and Roman",843,Solar,15,produce,7733,515402,Thomas Ramsey Jr.,974-935-3350

44,35,2025-01-29,2621,Martin LLC,320,Nuclear,5,artist,1120,171821,Abigail Bass,3279096207

66,46,2025-01-01,5686,Hill-Frazier,972,Solar,16,whom,3784,277709,Jaime Schmidt,469.261.3586x0432

63,48,2025-01-07,3417,Martinez-Hill,502,Wind,3,wall,9732,68927,Brittany Fisher,859-631-7851x3001

30,49,2025-02-01,1521,"Barrett, Turner and Welch",111,Hydro,14,quite,7036,505364,Eric James,631-884-7163x6622

59,4,2025-01-12,9580,"Mata, Banks and Anderson",540,Nuclear,13,group,4637,483318,Amanda Brewer,+1-709-384-6793x40569

45,40,2025-02-21,9375,"Nunez, Taylor and Neal",59,Solar,7,about,8969,309357,Andrew Molina,260-952-5460x9017

66,16,2025-01-11,5449,Hill-Frazier,972,Solar,16,since,8610,173045,Jaime Schmidt,469.261.3586x0432

71,47,2025-01-25,6217,"Johnson, Terry and Wells",115,Hydro,9,attorney,1928,129170,Jesus Farmer,001-761-463-3181x90875

63,35,2025-02-01,692,Martinez-Hill,502,Wind,3,artist,1120,171821,Brittany Fisher,859-631-7851x3001

59,39,2025-02-22,6965,"Mata, Banks and Anderson",540,Nuclear,13,final,3375,251396,Amanda Brewer,+1-709-384-6793x40569

74,30,2025-01-05,3660,Hood-Jones,151,Nuclear,15,must,7022,806990,Thomas Ramsey Jr.,974-935-3350

81,2,2025-01-18,9990,"Tapia, Thomas and Frey",868,Hydro,4,concern,4778,285671,Susan Kennedy,(304)623-7933

61,32,2025-01-22,318,Williams PLC,691,Nuclear,8,event,5956,322658,Jason Rogers,318.998.1018x29895

82,49,2025-02-04,1176,Hart-Roth,875,Solar,8,quite,7036,505364,Jason Rogers,318.998.1018x29895

91,39,2025-01-20,259,Washington-Rodriguez,357,Wind,9,final,3375,251396,Jesus Farmer,001-761-463-3181x90875

88,24,2025-02-15,400,Obrien and Sons,657,Wind,7,down,9008,265642,Andrew Molina,260-952-5460x9017

77,2,2025-02-09,2471,Davis Ltd,715,Solar,13,concern,4778,285671,Amanda Brewer,+1-709-384-6793x40569

3,38,2025-01-29,1025,Brown Inc,438,Wind,18,serious,3957,995225,Alexander Peck,596.919.9974

39,3,2025-01-24,3372,Phillips-Glass,104,Hydro,1,style,6743,423946,Geoffrey Rowe,+1-470-992-8199x713

64,25,2025-01-01,9148,Lucas-Hansen,806,Solar,17,treatment,4393,700514,Michael Owens,8093546257

50,12,2025-02-17,4593,Ramirez PLC,321,Hydro,8,draw,7439,732796,Jason Rogers,318.998.1018x29895

82,47,2025-01-15,842,Hart-Roth,875,Solar,8,attorney,1928,129170,Jason Rogers,318.998.1018x29895

91,41,2025-01-11,2150,Washington-Rodriguez,357,Wind,9,probably,4696,454566,Jesus Farmer,001-761-463-3181x90875

13,43,2025-01-03,3835,Davis-Bonilla,880,Solar,18,look,7876,984110,Alexander Peck,596.919.9974

4,3,2025-01-17,1094,Herrera PLC,360,Solar,3,style,6743,423946,Brittany Fisher,859-631-7851x3001

14,32,2025-01-19,7828,"Hunt, Sanchez and Bradley",388,Nuclear,3,event,5956,322658,Brittany Fisher,859-631-7851x3001

40,5,2025-01-23,3368,Taylor Group,253,Solar,18,leader,4787,957156,Alexander Peck,596.919.9974

80,45,2025-02-08,7065,Davis-Moran,554,Hydro,7,your,5983,437390,Andrew Molina,260-952-5460x9017

71,10,2025-01-04,1995,"Johnson, Terry and Wells",115,Hydro,9,example,775,214555,Jesus Farmer,001-761-463-3181x90875

66,42,2025-02-16,4134,Hill-Frazier,972,Solar,16,return,4345,15714,Jaime Schmidt,469.261.3586x0432

40,46,2025-01-18,598,Taylor Group,253,Solar,18,whom,3784,277709,Alexander Peck,596.919.9974

69,31,2025-01-20,8579,Brown Inc,416,Solar,18,main,371,337108,Alexander Peck,596.919.9974

19,41,2025-02-08,4159,Monroe-Torres,636,Hydro,5,probably,4696,454566,Abigail Bass,3279096207

31,48,2025-01-12,119,Jackson-Blair,289,Wind,6,wall,9732,68927,Sheryl Jenkins,001-292-646-9104x486

69,17,2025-02-12,604,Brown Inc,416,Solar,18,peace,2784,693090,Alexander Peck,596.919.9974

42,48,2025-01-03,9572,Mccann-Cline,658,Wind,7,wall,9732,68927,Andrew Molina,260-952-5460x9017

30,42,2025-02-20,520,"Barrett, Turner and Welch",111,Hydro,14,return,4345,15714,Eric James,631-884-7163x6622

55,39,2025-02-01,8976,"Gregory, Coleman and Mcdonald",502,Nuclear,1,final,3375,251396,Geoffrey Rowe,+1-470-992-8199x713

93,25,2025-02-13,5124,Phillips-Parks,446,Wind,18,treatment,4393,700514,Alexander Peck,596.919.9974

53,28,2025-01-02,6149,"Mills, Robinson and Mendoza",602,Wind,18,sometimes,3855,939660,Alexander Peck,596.919.9974

93,17,2025-02-11,3854,Phillips-Parks,446,Wind,18,peace,2784,693090,Alexander Peck,596.919.9974

58,44,2025-02-22,1501,"Murray, Sanchez and Reynolds",429,Solar,13,training,4710,592423,Amanda Brewer,+1-709-384-6793x40569

52,20,2025-01-07,3281,"Thomas, Dudley and Green",385,Nuclear,7,general,1092,178557,Andrew Molina,260-952-5460x9017

18,2,2025-02-16,1754,Hull PLC,377,Solar,13,concern,4778,285671,Amanda Brewer,+1-709-384-6793x40569

18,17,2025-01-10,1946,Hull PLC,377,Solar,13,peace,2784,693090,Amanda Brewer,+1-709-384-6793x40569

90,47,2025-02-10,3103,"Taylor, Walker and Martinez",96,Solar,6,attorney,1928,129170,Sheryl Jenkins,001-292-646-9104x486

81,38,2025-01-19,3078,"Tapia, Thomas and Frey",868,Hydro,4,serious,3957,995225,Susan Kennedy,(304)623-7933

35,2,2025-01-26,7094,"Ortiz, Floyd and Roman",843,Solar,15,concern,4778,285671,Thomas Ramsey Jr.,974-935-3350

67,32,2025-02-14,5554,Rivera Inc,752,Nuclear,19,event,5956,322658,Russell Moore,(267)386-4970x20501

61,48,2025-02-11,5097,Williams PLC,691,Nuclear,8,wall,9732,68927,Jason Rogers,318.998.1018x29895

38,28,2025-01-31,9188,Kennedy-Lewis,856,Solar,14,sometimes,3855,939660,Eric James,631-884-7163x6622

25,37,2025-02-03,8974,Castro Ltd,902,Nuclear,14,girl,7259,155879,Eric James,631-884-7163x6622

12,50,2025-02-12,945,Dixon Ltd,408,Hydro,12,discussion,7517,60763,Ana Wade,(251)275-8824x168

55,42,2025-01-22,1626,"Gregory, Coleman and Mcdonald",502,Nuclear,1,return,4345,15714,Geoffrey Rowe,+1-470-992-8199x713

9,33,2025-01-25,2399,"Hudson, Powell and Combs",64,Hydro,19,side,6063,947493,Russell Moore,(267)386-4970x20501

29,49,2025-02-11,7013,Martinez-Allen,467,Solar,7,quite,7036,505364,Andrew Molina,260-952-5460x9017

98,35,2025-02-15,4263,Schaefer and Sons,738,Nuclear,15,artist,1120,171821,Thomas Ramsey Jr.,974-935-3350

78,45,2025-02-17,2157,Lopez-Johnson,256,Wind,13,your,5983,437390,Amanda Brewer,+1-709-384-6793x40569

56,16,2025-02-13,7366,Christensen Ltd,714,Solar,1,since,8610,173045,Geoffrey Rowe,+1-470-992-8199x713

40,39,2025-01-31,5173,Taylor Group,253,Solar,18,final,3375,251396,Alexander Peck,596.919.9974

51,28,2025-02-02,3071,Rios-Davis,685,Nuclear,8,sometimes,3855,939660,Jason Rogers,318.998.1018x29895

22,9,2025-02-01,6547,Leonard Ltd,614,Nuclear,8,worker,8069,831675,Jason Rogers,318.998.1018x29895

59,28,2025-01-24,8207,"Mata, Banks and Anderson",540,Nuclear,13,sometimes,3855,939660,Amanda Brewer,+1-709-384-6793x40569

56,29,2025-01-12,3796,Christensen Ltd,714,Solar,1,produce,703,775317,Geoffrey Rowe,+1-470-992-8199x713

77,15,2025-02-13,3087,Davis Ltd,715,Solar,13,product,4684,162531,Amanda Brewer,+1-709-384-6793x40569

3,34,2025-02-12,5353,Brown Inc,438,Wind,18,open,1610,182975,Alexander Peck,596.919.9974

71,17,2025-01-13,9736,"Johnson, Terry and Wells",115,Hydro,9,peace,2784,693090,Jesus Farmer,001-761-463-3181x90875

13,13,2025-01-09,3046,Davis-Bonilla,880,Solar,18,how,3177,776469,Alexander Peck,596.919.9974

35,22,2025-01-12,773,"Ortiz, Floyd and Roman",843,Solar,15,culture,3438,890453,Thomas Ramsey Jr.,974-935-3350

45,34,2025-02-13,4460,"Nunez, Taylor and Neal",59,Solar,7,open,1610,182975,Andrew Molina,260-952-5460x9017

55,16,2025-02-01,3653,"Gregory, Coleman and Mcdonald",502,Nuclear,1,since,8610,173045,Geoffrey Rowe,+1-470-992-8199x713

14,22,2025-01-30,6882,"Hunt, Sanchez and Bradley",388,Nuclear,3,culture,3438,890453,Brittany Fisher,859-631-7851x3001

30,27,2025-01-22,4788,"Barrett, Turner and Welch",111,Hydro,14,million,8462,409281,Eric James,631-884-7163x6622

20,9,2025-01-07,877,"Larson, Aguilar and Peterson",143,Wind,11,worker,8069,831675,Nancy Taylor,456.498.4947

51,11,2025-02-12,223,Rios-Davis,685,Nuclear,8,produce,7733,515402,Jason Rogers,318.998.1018x29895

52,11,2025-02-17,2666,"Thomas, Dudley and Green",385,Nuclear,7,produce,7733,515402,Andrew Molina,260-952-5460x9017

28,32,2025-01-06,4649,Hall and Sons,969,Wind,11,event,5956,322658,Nancy Taylor,456.498.4947

9,19,2025-01-10,8046,"Hudson, Powell and Combs",64,Hydro,19,onto,7913,928325,Russell Moore,(267)386-4970x20501

24,11,2025-01-14,4907,Pierce-Johnson,675,Nuclear,16,produce,7733,515402,Jaime Schmidt,469.261.3586x0432

9,14,2025-02-08,1156,"Hudson, Powell and Combs",64,Hydro,19,open,2974,951557,Russell Moore,(267)386-4970x20501

12,46,2025-02-07,6701,Dixon Ltd,408,Hydro,12,whom,3784,277709,Ana Wade,(251)275-8824x168

55,25,2025-02-02,2501,"Gregory, Coleman and Mcdonald",502,Nuclear,1,treatment,4393,700514,Geoffrey Rowe,+1-470-992-8199x713

16,1,2025-02-12,2348,Davis Group,158,Solar,7,yourself,6875,283881,Andrew Molina,260-952-5460x9017

21,43,2025-02-03,9393,Gomez-Lewis,915,Wind,14,look,7876,984110,Eric James,631-884-7163x6622

75,20,2025-01-24,9457,Moody-Jones,860,Nuclear,18,general,1092,178557,Alexander Peck,596.919.9974

96,45,2025-01-23,1363,"Herring, Fernandez and Johnson",333,Nuclear,14,your,5983,437390,Eric James,631-884-7163x6622

63,29,2025-02-18,6201,Martinez-Hill,502,Wind,3,produce,703,775317,Brittany Fisher,859-631-7851x3001

63,15,2025-01-04,8202,Martinez-Hill,502,Wind,3,product,4684,162531,Brittany Fisher,859-631-7851x3001

10,35,2025-02-01,9237,Rice PLC,586,Solar,14,artist,1120,171821,Eric James,631-884-7163x6622

11,10,2025-02-12,3627,Miller-Jones,779,Wind,20,example,775,214555,Lori Stevens,566-636-0830

58,14,2025-01-24,400,"Murray, Sanchez and Reynolds",429,Solar,13,open,2974,951557,Amanda Brewer,+1-709-384-6793x40569

43,4,2025-01-24,6980,Hayes-Morgan,246,Nuclear,14,group,4637,483318,Eric James,631-884-7163x6622

6,16,2025-01-24,2182,Burns-Clayton,986,Solar,5,since,8610,173045,Abigail Bass,3279096207

13,13,2025-01-02,6671,Davis-Bonilla,880,Solar,18,how,3177,776469,Alexander Peck,596.919.9974

59,22,2025-01-05,1707,"Mata, Banks and Anderson",540,Nuclear,13,culture,3438,890453,Amanda Brewer,+1-709-384-6793x40569

61,10,2025-01-12,3768,Williams PLC,691,Nuclear,8,example,775,214555,Jason Rogers,318.998.1018x29895

33,12,2025-02-04,2245,Bentley Ltd,354,Hydro,9,draw,7439,732796,Jesus Farmer,001-761-463-3181x90875

33,12,2025-01-03,1836,Bentley Ltd,354,Hydro,9,draw,7439,732796,Jesus Farmer,001-761-463-3181x90875

46,10,2025-02-21,8970,Flores-Johnson,448,Solar,20,example,775,214555,Lori Stevens,566-636-0830

44,40,2025-02-06,9634,Martin LLC,320,Nuclear,5,about,8969,309357,Abigail Bass,3279096207

5,26,2025-01-20,8834,"Nguyen, Barber and Carr",865,Nuclear,8,with,154,217686,Jason Rogers,318.998.1018x29895

76,29,2025-02-12,7372,Ramirez LLC,515,Solar,2,produce,703,775317,Karla Williams,746.435.9498

89,43,2025-01-06,6158,Bailey-Saunders,659,Solar,7,look,7876,984110,Andrew Molina,260-952-5460x9017

88,36,2025-02-20,5712,Obrien and Sons,657,Wind,7,suggest,1365,638048,Andrew Molina,260-952-5460x9017

42,29,2025-01-17,5471,Mccann-Cline,658,Wind,7,produce,703,775317,Andrew Molina,260-952-5460x9017

17,22,2025-02-13,4305,Yang-Phillips,276,Wind,5,culture,3438,890453,Abigail Bass,3279096207

98,25,2025-01-23,3470,Schaefer and Sons,738,Nuclear,15,treatment,4393,700514,Thomas Ramsey Jr.,974-935-3350

40,30,2025-01-02,8828,Taylor Group,253,Solar,18,must,7022,806990,Alexander Peck,596.919.9974

